Episodio,Reward Direita,Reward Esquerda,Passos
0,4.962638888888891,2.6106944444444458,190
1,4.796527777777779,4.116944444444445,234
2,6.2269444444444435,7.59138888888889,235
3,2.9720833333333347,3.2831944444444447,170
4,3.7181944444444444,3.672222222222223,178
5,57.983757083815874,14.341833692486366,914
6,3.742916666666667,4.1144444444444455,159
7,2.47361111111111,3.406666666666665,164
8,5.824027777777778,2.0506944444444444,185
9,6.841215363701664,26.406620055308178,598
10,3.961805555555556,5.043333333333335,178
11,4.013333333333334,5.184583333333332,213
12,8.056666666666672,6.733611111111114,252
13,4.425416666666669,3.18875,175
14,5.27236111111111,3.795694444444449,171
15,3.6611111111111128,2.5205555555555548,183
16,4.512777777777778,6.109861111111112,228
17,5.525138888888891,5.961111111111114,247
18,2.7466666666666657,3.6233333333333313,177
19,4.674027777777779,2.2175000000000007,169
20,4.100833333333331,3.065277777777778,173
21,2.6125000000000025,4.704166666666669,165
22,4.860972222222224,3.687222222222222,192
23,3.7326388888888893,4.439583333333333,180
24,4.347361111111112,5.399722222222221,201
25,5.167916666666667,7.109305555555558,228
26,4.315,4.5955555555555545,174
27,4.396388888888889,4.742361111111112,230
28,3.003055555555556,4.288333333333332,170
29,4.5123611111111135,4.389722222222222,182
30,3.765833333333335,4.5775000000000015,179
31,4.405277777777778,4.196250000000001,201
32,5.3084722222222185,4.8904166666666695,215
33,3.4999999999999996,3.6516666666666673,180
34,3.861666666666667,5.062361111111108,204
35,3.9969444444444453,3.423888888888891,189
36,5.2927777777777765,3.8525000000000014,175
37,3.5233333333333334,3.453333333333331,164
38,3.9845833333333354,3.3713888888888883,213
39,7.154861111111113,6.863194444444447,247
40,3.671666666666667,6.58722222222222,225
41,3.740277777777778,3.412361111111113,163
42,6.054583333333332,6.067222222222222,207
43,6.2623611111111135,7.137361111111102,249
44,4.60708333333333,5.54875,181
45,4.2079166666666685,4.102777777777778,200
46,3.936944444444445,3.9393055555555563,193
47,5.31944444444444,4.02861111111111,196
48,4.091527777777775,3.4591666666666687,195
49,2.8277777777777793,2.6001388888888877,166
50,6.806527777777779,6.503194444444446,232
51,5.047638888888889,5.411666666666666,210
52,3.394444444444445,3.35013888888889,174
53,5.6526388888888945,3.262361111111113,173
54,2.7593055555555557,3.5759722222222243,181
55,5.995833333333333,4.067638888888892,206
56,3.602777777777777,4.654999999999997,176
57,5.480694444444446,7.000694444444446,226
58,3.6973611111111127,3.56861111111111,183
59,3.571111111111111,3.7248611111111116,210
60,5.430555555555553,5.539999999999998,181
61,5.806843865936873,16.495038310381307,256
62,8.384027777777778,7.4263888888888845,247
63,5.625416666666665,5.423472222222224,172
64,3.0724999999999993,2.8866666666666676,174
65,2.745138888888888,2.645555555555556,179
66,4.184583333333335,2.421388888888889,175
67,5.727638888888892,9.197083333333335,213
68,2.5405555555555552,3.0066666666666673,162
69,4.023749999999999,4.737500000000001,180
70,29.333830829288864,6.00458878547537,666
71,3.9395507986200595,49.69315420480692,610
72,3.2091666666666683,2.587361111111112,184
73,3.0141666666666658,4.22722222222222,183
74,3.015138888888891,3.0402777777777805,207
75,37.988873263893204,4.137109049896003,657
76,3.885277777777778,2.967777777777777,170
77,4.253333333333331,5.210138888888885,164
78,2.3437500000000018,2.5636111111111113,166
79,3.653888888888889,5.131666666666664,215
80,4.149861111111108,5.572777777777776,177
81,3.6000000000000005,3.655000000000001,181
82,2.997361111111113,2.615416666666668,168
83,3.433888888888889,5.005138888888887,202
84,24.973994341802445,-0.3427783312642134,475
85,3.067916666666669,4.080000000000001,181
86,2.45402777777778,3.1955555555555546,162
87,3.297083333333335,1.776527777777778,216
88,5.617222222222225,5.006666666666668,172
89,4.58972222222222,3.904305555555554,207
90,6.865138888888888,6.523194444444448,203
91,3.9619444444444434,4.900138888888886,188
92,5.096944444444444,6.27763888888889,195
93,4.492222222222224,4.793888888888891,197
94,6.058194444444441,5.939861111111113,199
95,4.06222222222222,5.928194444444445,167
96,34.25558810924964,58.182557451988316,562
97,2.7766666666666713,3.385833333333332,175
98,3.765555555555556,4.773055555555559,221
99,3.472500000000002,3.4063888888888902,208
100,4.342777777777777,3.2544444444444474,184
101,3.2420833333333325,3.0638888888888887,170
102,4.014861111111112,5.382777777777777,203
103,5.595555555555557,5.176944444444443,189
104,5.5179166666666655,5.1531944444444475,212
105,3.780555555555554,4.572361111111113,163
106,5.2698611111111155,5.369722222222221,217
107,5.258333333333334,4.813055555555561,193
108,6.459861111111113,7.131527777777774,231
109,3.6809722222222208,4.687916666666662,169
110,7.315555555555563,4.970694444444446,214
111,4.424027777777779,4.2733333333333325,194
112,4.130277777777777,6.667777777777777,210
113,3.5479166666666675,3.5130555555555567,168
114,5.866111111111109,4.2326388888888875,207
115,4.0452777777777795,6.302499999999998,219
116,4.2651388888888935,3.8358333333333325,167
117,4.9856944444444435,4.110833333333333,216
118,3.3441666666666694,3.792500000000001,161
119,3.656666666666665,3.3213888888888916,187
120,5.657500000000002,2.5018055555555554,194
121,4.395555555555556,2.6255555555555548,176
122,3.9600000000000026,3.3341666666666634,176
123,3.017361111111114,4.81888888888889,181
124,4.274722222222222,5.928888888888888,174
125,4.311111111111114,4.283333333333332,208
126,3.868333333333333,5.5418055555555545,183
127,7.716944444444441,5.4683333333333355,245
128,7.193333333333336,4.4806944444444445,240
129,3.0709722222222235,2.891249999999998,183
130,4.722499999999997,6.6298611111111105,192
131,4.37638888888889,3.618750000000001,168
132,4.324444444444442,3.032638888888891,192
133,5.697222222222221,2.719861111111114,208
134,5.139305555555554,2.966944444444446,207
135,3.3259722222222234,5.11819444444444,166
136,3.7113888888888913,6.445277777777784,178
137,6.195000000000001,9.419861111111118,246
138,4.173194444444444,5.646111111111111,177
139,6.183611111111109,3.7673611111111125,221
140,4.329861111111112,2.5759722222222226,180
141,4.575555555555556,5.6379166666666665,214
142,4.22652777777778,5.78416666666667,193
143,4.8133333333333335,6.588472222222221,208
144,5.552916666666667,4.042916666666666,216
145,3.1794444444444445,6.256666666666662,180
146,3.7223611111111112,4.488055555555557,163
147,4.288333333333334,6.232083333333338,193
148,3.3541666666666647,4.355694444444445,181
149,3.913845329568506,43.685705631919966,618
150,4.091666666666669,3.5731944444444426,162
151,4.714722222222223,5.859861111111112,206
152,5.041527777777778,3.0869444444444456,171
153,4.71402777777778,3.0462500000000006,186
154,7.4183333333333294,5.756388888888891,231
155,4.0505555555555555,4.31152777777778,174
156,27.801638972742232,6.2956340309738845,578
157,3.330416666666666,4.024861111111112,177
158,4.183611111111112,3.2027777777777757,187
159,5.389722222222218,3.9162499999999993,206
160,4.910694444444445,5.8793055555555584,194
161,6.161944444444445,4.57805555555556,251
162,4.368194444444444,3.7583333333333333,178
163,4.726805555555557,4.801805555555559,185
164,6.550138888888893,8.773472222222228,251
165,7.179166666666671,3.9004166666666684,212
166,3.5997222222222223,3.0100000000000016,159
167,3.6304166666666684,5.811527777777776,195
168,6.8380555555555524,5.293611111111113,254
169,6.772916666666668,4.537916666666667,218
170,4.031805555555553,6.203750000000006,222
171,7.440833333333333,4.651250000000003,247
172,4.013750000000003,4.991944444444442,187
173,11.858992422715852,30.80677032905792,655
174,3.9393055555555563,7.874027777777781,217
175,7.2393055555555605,6.031666666666666,249
176,3.7376388888888856,3.922083333333333,161
177,4.7213888888888915,3.161527777777779,203
178,3.4055555555555546,3.684166666666665,166
179,4.53902777777778,4.890555555555553,191
180,6.102222222222222,6.852222222222225,231
181,5.322422672374394,27.77374009819394,607
182,5.2309722222222215,4.996944444444443,204
183,4.205972222222222,3.276944444444445,182
184,8.201111111111105,4.46,252
185,29.412838759720742,-0.8144123715428755,678
186,5.396944444444443,6.09138888888889,195
187,3.8793055555555562,4.613333333333331,168
188,2.834027777777777,4.8848611111111095,158
189,6.2454129249409265,36.47374625827426,238
190,4.104722222222221,3.411944444444443,162
191,3.655694444444447,4.803888888888887,202
192,5.87875,6.380277777777777,197
193,4.610555555555556,3.074166666666665,161
194,2.8894444444444463,3.6111111111111125,175
195,4.291250000000001,4.323472222222224,209
196,6.568194444444445,7.628472222222223,213
197,4.863333333333333,3.3973611111111084,201
198,6.640555555555556,6.003611111111113,241
199,3.2181944444444444,2.8751388888888916,159
200,7.865663692591738,53.24413514314249,701
201,5.140694444444444,8.441111111111113,241
202,3.9351388888888916,6.209583333333336,180
203,5.364305555555557,7.837222222222221,209
204,3.7734722222222232,3.5237500000000006,161
205,3.476388888888887,2.8156944444444467,160
206,33.089800874116406,6.843360853003677,661
207,4.062543378777802,25.710174857075856,510
208,4.818333333333333,6.517499999999997,177
209,4.936388888888893,3.89375,173
210,4.715972222222223,4.856249999999998,180
211,7.930972222222222,8.466388888888886,245
212,5.176250000000001,4.4298611111111095,178
213,6.301388888888889,5.27986111111111,213
214,5.598942719467429,30.055018753232325,612
215,3.18625,4.283611111111114,172
216,46.74727852806819,55.45412114792925,1347
217,5.971249999999997,7.172083333333336,174
218,4.810972222222224,5.866944444444446,178
219,5.550000000000001,5.503888888888889,183
220,4.379027777777775,4.467083333333334,201
221,6.668472222222223,6.832361111111118,219
222,3.1237499999999994,4.1241666666666665,194
223,3.6830555555555553,3.5972222222222197,187
224,3.2044444444444458,4.513611111111111,179
225,2.7926388888888893,3.897499999999999,172
226,3.7362499999999996,4.377916666666671,188
227,4.851805555555554,6.509861111111116,216
228,12.01214300900858,38.448530531348766,661
229,3.5038888888888877,4.25111111111111,175
230,6.7200000000000015,6.186388888888884,199
231,3.7758333333333356,3.666527777777779,175
232,5.195138888888888,5.676527777777781,185
233,11.305082581105186,38.83040259554941,663
234,4.036388888888889,6.27597222222222,181
235,4.426111111111104,5.844861111111108,190
236,7.233333333333337,6.845833333333339,252
237,6.207083333333335,5.162222222222224,179
238,5.6638888888888905,4.158333333333331,161
239,5.381944444444444,5.083472222222222,170
240,0.6478550155787879,27.942125860895924,506
241,25.184534579516722,12.06975667643083,584
242,5.0186111111111105,2.5570833333333343,162
243,3.7350000000000008,7.426805555555559,186
244,7.2806944444444435,5.200000000000003,191
245,5.747083333333338,4.789027777777778,160
246,4.562071560903208,28.153922956691478,499
247,3.7870833333333334,7.475000000000004,191
248,5.368472222222221,3.8630555555555524,167
249,1.8632384592338997,28.013774759258183,465
250,2.7187500000000013,7.200416666666668,170
251,6.902500000000001,3.83486111111111,166
252,2.668055555555555,6.199027777777777,173
253,32.48227982124686,19.038360287851123,944
254,25.394703759563818,6.3822800295569895,506
255,10.104497709567326,36.726907688591446,248
256,-0.2767932407581135,29.307225002507877,512
257,4.058472222222221,8.061805555555555,201
258,8.75,6.8526388888888885,244
259,4.216527777777778,8.077638888888892,239
260,7.518472222222221,5.207777777777779,204
261,8.67763888888889,6.371527777777777,246
262,29.04004861650348,6.276067821303126,601
263,3.9797222222222226,8.120972222222225,195
264,8.44763888888889,5.141805555555557,196
265,8.350972222222225,7.666527777777783,232
266,2.3356222940287115,33.43451183569163,567
267,9.592361111111119,9.120972222222221,243
268,24.70983239760033,8.011527963797176,491
269,0.21451488405718422,31.61167295069929,537
270,8.11180555555556,6.448055555555555,190
271,2.5850000000000044,6.396250000000005,165
272,3.3569444444444447,7.86944444444445,218
273,2.3034722222222226,5.843888888888892,173
274,-0.11969547786231338,27.434794747330386,483
275,3.359284570495129,34.47887384435569,629
276,23.722248943730634,3.416671710272464,447
277,8.649166666666666,7.90194444444444,210
278,2.3588888888888886,6.407916666666665,181
279,-1.4464068394373726,48.86768448730557,472
280,9.401527777777781,8.029722222222215,227
281,3.240329437009109,39.97436225177783,604
282,7.8012500000000005,6.3769444444444465,165
283,9.302499999999998,8.617638888888889,227
284,8.470833333333333,6.990555555555554,188
285,3.2205903910811564,35.19725946904731,552
286,4.039722222222223,7.685277777777776,186
287,5.966986312325316,32.35082849900903,531
288,9.198194444444438,8.110000000000005,218
289,25.18558311274738,2.5245989543624123,420
290,5.5944010258836645,33.80237582089287,635
291,5.638404357505392,32.975876885471415,611
292,0.4084767685248458,36.65543046916264,559
293,3.2486111111111113,7.34194444444444,186
294,2.1065277777777776,6.791111111111117,163
295,3.1311111111111116,8.647916666666667,209
296,4.790555555555557,7.710555555555552,219
297,0.3186476509251879,34.5402987752461,516
298,9.41527777777778,5.980972222222221,234
299,3.796666666666667,6.40777777777778,168
300,8.489861111111107,4.978472222222216,218
301,2.930555555555555,5.637638888888886,163
302,1.4407985598761126,29.917219649078223,508
303,3.3748611111111124,8.364444444444443,179
304,3.2654166666666695,8.153611111111116,179
305,8.440138888888892,4.677916666666667,196
306,6.285694444444443,7.974999999999999,202
307,8.153472222222229,5.353749999999999,216
308,3.1972222222222224,6.595972222222225,176
309,6.501944444444447,3.4943055555555547,169
310,8.15305555555555,4.450833333333329,238
311,5.2087499999999975,8.478055555555548,210
312,4.0587500000000025,8.351805555555556,185
313,6.19575844234153,30.24424666926051,598
314,4.1800000000000015,8.160972222222224,181
315,3.710277777777778,6.8425,169
316,3.8197222222222216,7.2663888888888915,167
317,2.9676762963988015,25.470093624554565,420
318,6.79444444444444,9.11152777777777,207
319,6.273333333333337,4.724861111111111,167
320,2.1933677421436375,37.93464559214357,571
321,7.693055555555551,4.042916666666668,184
322,30.2750445149129,2.2777747256846546,554
323,4.6046012891113755,25.753741092350715,445
324,6.16555555555556,3.3951388888888885,163
325,6.007916666666664,2.4754166666666677,162
326,7.516944444444448,4.833888888888887,184
327,5.456734725376036,30.753598609234878,578
328,4.06611111111111,8.485555555555557,191
329,2.734176289358796,28.68953496879578,490
330,6.871666666666666,9.407083333333333,238
331,22.137091662641943,39.151341770036694,1031
332,9.280138888888894,6.340694444444447,247
333,8.439722222222219,9.730555555555561,256
334,47.267872510705175,23.77294985398397,1075
335,6.379166666666664,8.482916666666668,191
336,40.76377634122465,12.201904800241163,718
337,6.102374570243356,29.60287630806379,588
338,4.436250000000001,8.502222222222224,191
339,5.21847222222222,8.934861111111108,204
340,5.534861111111109,8.755277777777772,196
341,8.845277777777774,6.618194444444442,225
342,8.165555555555558,5.9752777777777775,175
343,7.857638888888893,5.901666666666666,175
344,9.08222222222222,7.8498611111111165,249
345,38.36635948403631,4.061973849297026,620
346,1.3393823144630872,28.486949461365334,484
347,7.708888888888888,5.876805555555554,189
348,5.674305555555555,9.81555555555556,253
349,5.182777777777776,9.024583333333334,203
350,9.25984345138261,36.90159435584136,264
351,4.698333333333334,7.529444444444442,164
352,5.884305555555555,8.838888888888889,217
353,0.12343851950059026,28.675548767206152,475
354,24.833225959242895,1.3014160482567636,443
355,9.549305555555557,6.172777777777783,245
356,5.49972222222222,7.712916666666664,174
357,8.603333333333335,5.218750000000001,185
358,7.8177777777777795,4.876111111111111,189
359,5.023055555555553,7.772499999999997,166
360,39.64768926886589,14.069592331516695,679
361,4.605694444444443,7.146666666666666,163
362,5.0556480612504675,29.478527248681345,509
363,25.598436254780502,6.053161526877592,448
364,5.044583333333331,8.549166666666661,194
365,27.613323521259666,5.738284280583228,453
366,8.557916666666669,4.8038888888888875,184
367,7.67180555555556,4.706944444444448,166
368,6.71652777777778,8.389305555555556,184
369,26.40837396455079,5.575277837771285,453
370,7.311944444444443,4.725555555555555,173
371,8.060000000000002,4.606666666666668,172
372,28.3376008791247,4.686120696743359,471
373,9.932361111111108,8.624722222222221,249
374,8.730138888888886,6.149999999999999,211
375,1.7809834323404967,37.43689776722199,546
376,4.006158886144487,28.610517270390545,478
377,29.78715558533733,2.411264135540538,473
378,36.48146180904734,3.323159759194775,530
379,4.29331889920268,30.319573309855542,491
380,8.661957531382972,33.57665357972813,557
381,35.64410903276259,2.460881139628645,549
382,6.615277777777778,8.353749999999996,197
383,36.65620050834485,10.419385901441014,686
384,7.930000000000006,4.274999999999999,180
385,38.277817098554166,2.9672389075385954,565
386,3.989834324593623,28.4137430180797,473
387,10.13305555555555,7.364305555555559,249
388,33.34938869283928,7.90100041084351,621
389,7.448517468077595,26.407005698366376,452
390,6.1143055555555605,9.487361111111113,239
391,27.658302292497922,3.132385192864872,465
392,5.2865277777777795,7.25277777777778,160
393,9.346527777777775,8.129999999999995,224
394,28.92918524880535,4.879999316987904,492
395,8.344027777777779,5.455833333333333,188
396,6.4180555555555605,8.526666666666673,185
397,7.757222222222229,4.731666666666672,187
398,7.286527777777788,9.163194444444448,224
399,8.414305555555556,4.861805555555557,196
400,8.799444444444447,6.828333333333335,212
401,28.037417533608043,4.642541560166917,467
402,5.390395648133174,27.069756058845513,451
403,27.528422065933384,5.209498585819535,444
404,15.913993015407257,40.114581535111306,768
405,37.40974725942008,7.115441053352091,635
406,70.90332660810816,19.363258473134408,883
407,7.717083333333337,9.692083333333331,230
408,36.2494867491104,1.5875565949905042,534
409,4.7223611111111135,7.271944444444446,163
410,3.7872440538562486,30.268959659439176,480
411,28.102935342459283,5.33233998218085,467
412,4.734861111111109,5.8395833333333345,166
413,39.84602806049943,1.9431874186709326,568
414,7.753194444444448,7.21791666666667,203
415,34.11852774843632,3.6224219654378107,559
416,5.203351786904328,30.349773643699795,525
417,5.540972222222224,5.570972222222221,166
418,29.30003435008412,14.738882471775442,555
419,31.748560215496795,2.7925200641623356,556
420,6.81013888888889,7.351944444444446,179
421,5.834166666666667,5.25875,171
422,2.4670668799084456,29.29494215415313,510
423,5.4731944444444425,6.174583333333335,162
424,29.120838011065626,4.1546177419635235,529
425,24.32636878776328,44.536214036811835,905
426,5.891527777777777,5.313055555555554,182
427,8.892083333333337,7.839722222222219,218
428,5.8373611111111074,5.379722222222224,168
429,34.54154363108154,12.566560882644819,592
430,8.285555555555558,9.781111111111114,244
431,9.517000730861662,33.977352350505605,537
432,9.328472222222224,9.687361111111109,235
433,26.176828920501134,5.068495587167806,162
434,4.152372431058659,27.23689228908308,449
435,27.22676527501424,8.228444536954258,178
436,35.40277737603613,10.437969670501317,629
437,32.51614950205394,7.818853544373553,588
438,9.096388888888887,9.923472222222223,235
439,8.973750000000003,9.172500000000008,223
440,7.946388888888889,7.258333333333333,235
441,8.080416666666666,8.461111111111112,199
442,5.167222222222224,5.943472222222221,177
443,-0.17108864701039828,27.122711747062496,441
444,5.1090277777777775,5.271666666666669,171
445,9.499861111111116,9.573333333333336,240
446,4.026229916792744,30.08223548258681,424
447,4.385416666666668,8.028194444444443,210
448,7.885694444444448,8.505555555555551,248
449,8.941805555555563,9.716249999999997,227
450,25.20806669016655,264.25206675294555,1074
451,6.572361111111114,5.900833333333337,199
452,6.765833333333334,7.174722222222228,214
453,6.230555555555557,8.800833333333333,223
454,9.269444444444447,9.874166666666662,245
455,5.202638888888887,7.2819444444444414,197
456,4.125555555555555,7.690694444444446,223
457,24.836546996203673,5.562316884966872,465
458,4.212638888888888,8.067638888888894,201
459,2.962222222222221,7.586944444444447,160
460,3.025972222222225,8.90513888888889,207
461,8.755694444444444,8.585555555555558,203
462,10.488514019029836,36.8884331595999,686
463,4.215277777777772,8.925277777777776,203
464,8.981740990672225,35.54960434285242,687
465,6.81736111111111,9.215972222222224,220
466,56.76635314397799,24.53414318057402,1213
467,1.327738824614638,27.780103898611326,487
468,8.311944444444439,5.067083333333332,192
469,5.124861111111111,9.141944444444443,214
470,5.764583333333332,8.022361111111111,178
471,34.66533490254113,3.9883799606072348,607
472,8.406388888888891,2.296666666666669,183
473,8.559722222222224,3.8461111111111124,197
474,7.1116666666666655,9.471111111111112,234
475,9.090138888888898,2.9484722222222213,230
476,28.43584901072599,-1.21383298725749,492
477,5.700694444444446,8.733750000000004,206
478,9.424861111111113,4.44916666666667,238
479,28.239239932709534,-0.8711625342208791,492
480,4.261805555555557,8.086944444444445,180
481,9.597222222222229,5.48861111111111,247
482,8.488194444444442,3.241666666666671,188
483,3.92693911383936,24.767399259637763,463
484,6.46027777777778,9.454166666666673,229
485,24.112319977775243,4.355693048909277,436
486,5.431805555555555,7.9911111111111115,169
487,25.572217556145862,0.9799170046917602,443
488,5.999444444444447,8.387777777777774,182
489,9.086666666666668,6.707361111111102,235
490,4.306666504897295,28.48591429610472,525
491,9.635277777777777,7.054305555555557,251
492,33.5897544699719,5.578842041858669,626
493,6.405555555555558,8.846250000000007,238
494,4.056154976486191,25.594281213180295,463
495,9.289444444444444,6.32472222222222,255
496,5.464470053047062,24.698304693264937,483
497,8.854166666666663,6.275833333333335,208
498,7.791527777777781,4.104583333333336,185
499,6.590277777777774,7.7077777777777765,162
500,6.38587381721937,24.80199672681543,465
501,58.672873150575235,17.849702892612715,934
502,7.805436580300725,32.73681802148679,600
503,8.03955531658626,33.70117064650771,601
504,37.06375028786244,20.059491423784685,816
505,8.00416666666667,6.305000000000002,178
506,34.08558359794704,9.355189081942445,645
507,5.609583333333335,6.739444444444447,162
508,4.761805555555554,6.339722222222222,176
509,2.358311067712812,32.19053062343902,449
510,5.924821373094909,28.895782590033253,537
511,37.31455123871805,13.79668409956115,583
512,25.42596202227056,1.956698551601061,460
513,2.0321722502912554,34.07579825762962,490
514,8.490833333333333,7.451527777777775,209
515,43.68804986569216,27.47899636382897,1012
516,27.374752508597787,4.994014998001193,472
517,6.912777777777779,8.415555555555558,213
518,35.1694088071555,9.222548092222123,617
519,8.868611111111111,8.094999999999997,210
520,3.620972222222223,5.147361111111109,170
521,0.8602525423381095,30.6685170882933,476
522,3.827499999999998,6.9448611111111065,177
523,8.381111111111117,8.903194444444445,215
524,8.52638888888889,8.658194444444439,204
525,6.540277777777778,6.834027777777773,162
526,7.9754166666666615,7.708749999999997,183
527,5.162916666666663,7.20638888888889,174
528,8.868611111111111,9.492083333333337,211
529,5.0783333333333305,6.05541666666667,179
530,5.19513888888889,7.23916666666667,161
531,5.771666666666668,8.131250000000001,200
532,24.78236715345733,1.414321693403613,447
533,4.970833333333333,7.265972222222228,168
534,8.390138888888893,9.109583333333335,214
535,6.539861111111114,7.714027777777781,183
536,32.067307153148434,55.52073897654945,1073
537,5.830175725041743,31.564085493643063,482
538,29.89005115127172,56.996165577590645,1000
539,7.343359512936605,34.180876981499125,515
540,35.328346086363275,11.198783156227393,516
541,37.854417643563394,11.241966434776387,659
542,6.3093624104929305,30.980361978702977,468
543,9.563749999999995,9.752222222222219,233
544,8.775277777777779,8.118472222222223,204
545,7.343432692473041,35.62987835071972,578
546,40.500400365502244,23.2867818930902,815
547,28.568324842950638,4.51801580234855,474
548,8.085932564359613,32.05019594108941,515
549,5.521385599198965,30.230941017023092,471
550,9.332916666666662,8.960416666666674,217
551,36.573393416392015,6.945256890487072,166
552,8.55722222222222,8.906249999999998,210
553,19.88517878673523,9.428280961552577,237
554,9.784305555555559,10.287777777777778,247
555,33.214031764539456,7.676205555779513,506
556,23.57465625600023,48.37325887707094,801
557,10.905694444444455,9.860833333333336,248
558,9.017083333333334,9.416944444444443,221
559,9.201388888888891,9.577222222222229,221
560,10.08291666666666,9.574027777777783,225
561,8.298472222222227,9.107638888888888,209
562,48.32256277561817,19.319957056755698,704
563,10.153508778089856,35.821466378993904,592
564,7.232364664486889,30.512428251364252,473
565,23.38316015031465,39.396218377651984,761
566,9.279861111111114,8.271111111111116,222
567,28.45730231850817,1.282988546080814,434
568,9.076944444444445,9.542083333333334,230
569,41.74161458532515,37.86345270804486,703
570,28.154119566658494,1.0423801405899304,431
571,30.474690836429414,3.1903640479961215,467
572,39.05196857635982,11.299203738458862,703
573,54.56690347698022,23.150158610187933,1079
574,8.98615571718457,35.348594896496984,477
575,6.928749999999999,6.892500000000001,165
576,7.156244854531117,28.466109539720954,485
577,29.985530751549916,4.942191453192761,425
578,9.28597222222223,9.205694444444443,210
579,8.964444444444442,9.456944444444446,242
580,3.144839255678294,33.5294567179872,430
581,6.670889240885137,25.868250529835116,434
582,9.483888888888888,9.635,239
583,60.22291245281676,46.40135795629691,1309
584,8.094999999999999,8.430555555555554,224
585,10.132916666666668,9.484722222222222,251
586,6.753214294936255,30.96895544166992,468
587,27.86760149563586,0.8849815050308152,426
588,8.614166666666668,9.636527777777781,234
589,26.98598605602451,25.810772189136294,433
590,8.800972222222223,9.320277777777775,247
591,8.577499999999992,9.442083333333336,223
592,9.869583333333336,9.229027777777786,232
593,5.63313876962162,33.902588601734145,441
594,26.564542624913997,1.1203952780478161,422
595,8.995138888888896,8.921111111111111,200
596,9.90875,9.505277777777776,234
597,6.068947980067813,30.016562300250374,461
598,6.575972222222225,8.55944444444444,187
599,15.913636342817941,37.031257487408375,784
600,6.607361111111114,6.772083333333332,174
601,25.207464037947013,3.26601580298966,451
602,36.326499221395515,37.95467050093526,732
603,5.734444444444445,8.801527777777782,195
604,8.551944444444445,9.910694444444438,234
605,4.6513694318063,26.346422007238417,434
606,4.539076900146355,31.357741500497372,480
607,4.97236111111111,8.777222222222223,201
608,28.641560420899054,7.213623652498315,509
609,38.53830309743833,13.592275199422051,729
610,37.157705414403665,57.602053818211864,1307
611,33.73933952807798,4.857527461665514,459
612,13.488359608878135,38.02110094711126,769
613,13.399416907295326,38.91757553765828,804
614,9.98361111111111,9.631111111111116,247
615,2.6057747143936965,31.243852996327398,459
616,33.04824547358619,19.565174353228358,700
617,2.4037514970456435,30.926192871054454,451
618,29.54799939553336,57.77947843132021,506
619,8.471527777777776,8.069583333333336,201
620,12.204006460778768,38.22953681093809,686
621,11.174153207293244,41.28036398522309,709
622,8.547222222222224,8.102638888888889,205
623,8.027519299991637,32.86494605069283,500
624,24.826166650777893,7.508483842653035,460
625,39.29814574033486,20.817300618976972,869
626,25.418103472012994,8.450300064114609,447
627,58.25115632553828,46.36944757519463,1053
628,7.561390415444375,33.728445332078095,563
629,9.013055555555558,8.197500000000002,210
630,7.839166666666669,5.957916666666669,178
631,8.500694444444447,7.195138888888884,191
632,6.406388888888886,8.95986111111111,218
633,4.355000000000001,8.926111111111116,211
634,3.311249211460469,67.81663999755072,435
635,32.22250114284947,3.852010387416348,438
636,5.047466022592294,30.09389772717703,436
637,32.848060594700485,5.676419609326063,483
638,9.519583333333346,8.887777777777783,223
639,9.261805555555556,8.57361111111111,221
640,6.480277777777779,9.348611111111113,240
641,32.41492442866231,7.409632258212799,536
642,9.389444444444448,9.004861111111111,245
643,4.603194444444445,8.749027777777778,205
644,8.734166666666667,7.832222222222221,203
645,8.051666666666666,7.623194444444443,187
646,4.815928670924896,36.285661326117875,535
647,4.620171171787426,27.326079241880443,443
648,32.90468555774197,6.657814442258049,522
649,7.51194444444444,8.764861111111115,208
650,8.519707580022056,35.17860182229484,648
651,5.749722222222224,7.70152777777778,172
652,32.72577731171688,3.5128337993942242,461
653,8.403194444444447,6.644444444444444,191
654,7.4354166666666694,4.438055555555555,163
655,8.215555555555557,6.140138888888892,184
656,8.520555555555559,8.979722222222218,234
657,36.665674693770065,11.256050656029178,701
658,26.30777409406297,4.523010387977687,474
659,33.96201938874187,1.2455788823459706,502
660,28.337772804528605,1.4372031761446653,500
661,41.70340345035501,23.586926583614108,1053
662,5.4077777777777785,9.281527777777775,248
663,4.9813888888888895,8.54361111111111,201
664,27.40739387878518,60.484044123379256,1072
665,8.118333333333334,3.1420833333333325,182
666,8.274999999999999,4.155555555555556,180
667,5.394166666666669,8.239444444444445,204
668,6.755416666666669,8.068055555555555,195
669,8.794722222222228,4.984444444444444,212
670,5.224722222222227,7.55347222222222,174
671,7.751666666666669,3.804722222222223,167
672,8.625277777777779,4.919999999999998,193
673,6.04777777777778,7.686805555555556,180
674,8.490555555555552,3.767083333333336,189
675,5.755694444444447,8.11013888888889,188
676,6.425138888888889,8.236388888888888,198
677,9.786388888888885,6.539444444444449,242
678,9.148750000000003,5.604166666666669,208
679,8.124166666666664,5.205,180
680,8.71458333333333,6.0019444444444465,207
681,5.941111111111112,8.263055555555553,193
682,6.690574196574394,28.871902317417682,527
683,6.8286493763811595,36.028920366186874,536
684,6.584044076852242,30.51096836654886,534
685,7.114947579030899,30.21817649322457,521
686,7.672222222222222,9.21763888888889,227
687,9.90541666666667,9.723333333333327,254
688,7.772638888888886,8.415138888888885,201
689,7.8741666666666665,9.314305555555556,220
690,7.485972222222217,8.571388888888889,200
691,3.7246166059029804,30.76209192954093,436
692,8.923472222222223,9.500555555555563,240
693,7.644444444444441,8.982361111111112,208
694,3.9356442973219856,28.593338345872418,438
695,9.488611111111114,9.099583333333337,214
696,7.854722222222221,7.569861111111111,186
697,9.269305555555556,9.291111111111102,244
698,8.326805555555561,8.383749999999996,187
699,9.192361111111117,8.963472222222222,241
700,5.228148777694775,31.753979029477975,468
701,9.608055555555561,9.355555555555563,225
702,9.945555555555549,9.311944444444444,243
703,19.41240983869939,42.83163429250331,713
704,9.005694444444442,8.659722222222221,208
705,9.070555555555552,9.029861111111114,212
706,8.20236111111111,5.7966666666666695,191
707,4.529209247765294,27.19931908179366,463
708,8.77777777777778,8.794583333333334,200
709,3.2396190369675644,36.35269058185135,544
710,8.542500000000002,8.049861111111117,228
711,4.377401247473619,27.083562812917624,466
712,43.60158750141758,23.175979162022365,936
713,9.391527777777782,9.266666666666675,220
714,9.079027777777775,8.783194444444442,211
715,4.640272420980876,25.44635534431075,425
716,7.4221323216249075,36.9594134401642,542
717,27.397439454112643,1.789011809597083,422
718,8.970277777777781,8.716666666666663,238
719,8.85152777777778,7.643194444444444,201
720,9.09458333333333,9.072777777777778,209
721,8.53763888888889,8.660277777777774,198
722,8.639722222222222,8.49055555555556,196
723,8.695277777777784,9.065833333333336,215
724,5.127789834435806,27.16984744976837,436
725,9.720555555555553,10.052777777777777,249
726,8.784583333333334,8.330694444444449,199
727,8.607222222222216,9.297361111111115,208
728,2.0963089952821363,32.13648564367629,472
729,4.949566432753356,27.72042852512805,444
730,14.396345431749047,37.48625663840587,683
731,30.893449721459227,7.026925893381687,491
732,-0.8347994398768783,30.85111725919206,430
733,17.308053220277863,41.09792157718036,789
734,8.880833333333326,8.894583333333332,216
735,30.095211669891526,6.938436721863106,452
736,8.805,8.838333333333336,198
737,27.222803331679508,5.507942220568369,426
738,5.181698898987895,33.05673471391657,496
739,14.716072521567078,38.01597184580953,687
740,9.425138888888887,9.123194444444447,220
741,8.939305555555546,9.154444444444445,222
742,9.075277777777778,9.039861111111112,211
743,28.316943442618424,24.78305455372957,444
744,9.093749999999998,8.937222222222236,213
745,39.83111674882649,21.977122138982583,754
746,16.967166762419573,60.64919822228201,784
747,9.924305555555565,9.923888888888882,256
748,29.63354346024245,6.101877099577315,429
749,9.073749999999997,9.691111111111114,218
750,8.98736111111111,8.719166666666663,197
751,29.121316895850494,5.7109714988226745,423
752,40.56155858464583,25.68077805871843,910
753,29.49618561527123,8.180495849204476,461
754,8.3195591259081,47.36863961310256,180
755,9.181111111111113,9.800972222222226,230
756,8.465555555555557,8.733611111111117,201
757,1.0643319480778928,32.035942434590034,459
758,8.838472222222222,8.526388888888887,198
759,8.756250000000007,9.695972222222222,221
760,8.724027777777783,9.07375,210
761,9.163194444444441,10.080138888888895,221
762,9.247361111111111,9.250694444444438,217
763,8.78736111111112,9.189305555555553,206
764,8.135277777777778,8.905416666666667,194
765,9.025,9.648055555555564,241
766,8.78375,8.799166666666665,204
767,31.69297417591935,7.574975462102653,487
768,4.590016340381261,33.06225214343705,489
769,9.592361111111115,10.37833333333334,237
770,8.370972222222221,8.427500000000004,198
771,20.58135259288358,40.77578736656474,693
772,6.357648233573286,32.711747166453875,486
773,32.2328577509531,7.847627479874475,435
774,7.159317912289541,33.30034746104828,530
775,9.61680555555556,10.136944444444444,230
776,10.29597222222222,10.616111111111113,251
777,9.145833333333336,9.323611111111115,221
778,38.4268260736483,9.384678256392759,579
779,5.055739313990735,31.57271273153436,425
780,19.32008776233161,43.987098757091154,786
781,8.771527777777777,8.649861111111111,190
782,35.15282731602757,58.23970690658633,977
783,56.155949315057796,32.6273192672939,1100
784,29.319106140854228,9.402630866094839,459
785,8.487638888888894,8.925833333333324,205
786,36.20501513680412,10.327839318551904,584
787,28.921276289005426,8.08144901723083,439
788,8.136616987957861,31.413715430174484,477
789,7.19611111111111,6.563888888888883,169
790,9.85916666666667,9.22972222222221,213
791,31.831848517390306,7.753082355353394,433
792,4.23369996943693,34.29605967642686,441
793,7.291250000000002,7.09777777777778,169
794,11.176177028234006,38.8405408816768,669
795,36.15345238974241,53.22714313613791,1085
796,104.27029210337514,87.52297346161657,2281
797,6.987083333333331,6.540833333333331,163
798,8.326479297365177,28.475307742250017,467
799,29.102239294342994,5.324026882717359,428
800,7.500277777777777,5.738611111111109,172
801,9.148750000000003,6.337500000000003,233
802,9.761466846012096,30.00274683347731,506
803,29.88619477827146,5.756912774735396,452
804,8.655926721368758,26.596004059463063,433
805,13.11501664957078,35.918554372890426,675
806,10.357083333333337,9.113472222222219,222
807,7.727777777777779,7.260833333333334,180
808,37.43881998104702,12.337845088075877,620
809,7.9222222222222225,6.43055555555556,185
810,30.208508819839608,4.626525390797285,461
811,8.734444444444447,6.854305555555558,211
812,32.63702000896697,7.335911301554235,465
813,21.885454471336935,39.22188814713994,761
814,29.0862344515553,40.681668251107226,868
815,7.709305555555558,6.6386111111111115,173
816,9.396219367128072,26.931381124792214,440
817,8.996166455520978,27.290883557529742,206
818,52.73801314413248,60.405384201755815,1394
819,8.387638888888887,7.286944444444451,191
820,10.242124703598176,25.43233735046002,445
821,49.2419880192771,23.31664715907751,902
822,9.95611111111111,9.323472222222223,221
823,10.646081507032452,27.87172888807227,457
824,10.235416666666666,7.689722222222215,245
825,34.398992320758545,3.464570630911785,436
826,7.495833333333337,5.899444444444446,175
827,7.315972222222225,5.855555555555553,166
828,50.059034206800746,22.12594283915893,928
829,9.578472222222228,9.112500000000002,201
830,10.095555555555546,9.334861111111106,220
831,9.698888888888886,10.949166666666661,242
832,44.969929076405066,25.103862994349477,825
833,8.502222222222226,8.63458333333333,215
834,20.91209034520827,33.79329295485229,507
835,8.97722222222222,9.188472222222217,201
836,36.25972609951659,9.82399850098516,550
837,29.44029205792368,7.270819053187422,441
838,8.20661320838225,29.969684697097545,438
839,6.32111111111111,8.056944444444445,172
840,5.555498684367956,29.20998569597438,433
841,28.95214507036495,7.116188262968386,467
842,3.2514436346069733,30.46390896057312,446
843,8.231666666666662,9.392777777777784,215
844,35.24367718159125,12.162335569179776,595
845,9.56847222222222,9.871111111111109,235
846,62.61556476326259,23.410383364652937,881
847,9.626111111111117,9.553611111111104,214
848,7.082777777777778,7.05777777777778,166
849,71.24196131303455,23.33879656542419,837
850,29.220731313289438,3.2157016810373626,473
851,6.184224161619783,28.695308186136515,432
852,16.35139746231242,37.97090653086407,695
853,16.220628670506635,38.59581314387657,700
854,8.387500000000003,8.745972222222221,215
855,22.51307780614782,43.84418747610646,815
856,53.960614135493714,35.03168465744284,1172
857,4.656444971766687,33.988175392654846,469
858,27.051211386677014,6.616635003386351,468
859,9.111111111111114,10.549166666666666,236
860,36.253616184606464,10.492843239258,631
861,6.976527777777779,5.973611111111108,163
862,43.88510416724674,29.088431820818442,933
863,28.392275330280476,5.503319276937917,481
864,23.98418171457076,45.41606561843414,879
865,9.217638888888885,11.054166666666669,249
866,4.652267079899408,33.19582032211634,535
867,66.99730005185701,60.32602384696105,1656
868,59.9651369386093,35.792723098618026,1035
869,33.18184818585152,5.854348550636937,436
870,3.888677903713093,31.455090844314334,435
871,8.155555555555559,9.053611111111115,200
872,7.8161257779053095,32.90504856803731,473
873,8.317902624157014,31.60745315859668,458
874,4.584867251042729,30.54847011502796,430
875,8.256527777777775,9.12222222222222,202
876,7.677580746007189,28.14155999855127,432
877,53.05407971017722,93.54770058841973,1844
878,25.745780692009298,8.603862777537636,446
879,26.067535166046262,7.828525441750321,461
880,10.393953802858244,32.0891899535444,466
881,33.67985781752628,7.588943983959648,492
882,36.472916053652085,11.752862954175221,603
883,35.677787449354106,8.660862328383832,512
884,10.381944444444443,9.911111111111113,218
885,50.60353634241408,101.9987097483738,1448
886,6.95329063119587,34.868784550227154,530
887,20.320551120712057,9.719301120712057,231
888,9.044166666666673,9.135555555555554,234
889,9.26722222222223,9.288194444444441,201
890,9.923117759521222,31.698819478693174,451
891,33.231741316717724,6.250445655066967,457
892,5.464310890565416,32.749782699605504,537
893,11.083126717563712,33.9138418442824,505
894,8.233472222222224,9.097500000000005,203
895,26.756144828139103,8.528514141235965,458
896,10.28236111111111,9.386388888888888,216
897,10.509444444444442,10.088750000000003,230
898,29.797869166416984,8.73658275518445,477
899,8.311388888888889,9.380138888888894,204
900,7.343441176165419,33.065516339475835,521
901,30.69318932719979,8.378101946610254,454
902,8.396944444444447,8.735694444444443,195
903,9.614583333333329,10.270277777777787,236
904,45.60400059424617,28.853856030804643,835
905,41.66164406442108,23.42021944617882,747
906,35.675622728167056,7.251500181022148,505
907,8.234999999999998,9.037222222222228,202
908,54.705550083572625,34.65016773573617,1035
909,8.870277777777778,10.285138888888884,228
910,9.344027777777777,10.669861111111116,242
911,5.048426246583931,30.815601523525366,417
912,8.8025,9.761111111111108,222
913,36.47817824239762,13.391267593734979,657
914,8.644444444444444,9.801666666666677,220
915,8.65297431137365,34.109560375878814,490
916,9.897222222222219,9.526249999999997,217
917,44.53518232178446,32.82788384433306,923
918,7.2021425357388775,33.20587011345415,537
919,10.32041666666667,10.388194444444446,233
920,5.9956775296936975,34.47873608527253,528
921,8.549664550661717,36.89017726825344,569
922,34.44738850723689,6.712255433859175,469
923,34.245992584013024,9.106556276186847,538
924,8.605000000000006,9.386388888888888,200
925,9.472916666666675,10.431805555555558,256
926,40.24480735637685,32.514610200457064,670
927,10.308997273178829,33.508655284935585,488
928,33.93582001162314,7.81965468489388,500
929,8.611250000000004,8.801111111111107,192
930,8.959444444444447,10.041111111111116,210
931,9.099861111111112,9.270694444444441,200
932,43.44295531546809,20.663835202701236,738
933,9.044722222222225,9.201666666666664,213
934,41.544967826649355,21.382474196227555,772
935,8.911111111111115,9.007499999999995,200
936,9.711527777777784,9.822638888888891,216
937,9.325972222222227,9.67680555555556,214
938,22.56203329160485,44.27192493628069,720
939,9.258888888888887,10.173472222222227,229
940,9.561250000000003,10.439861111111107,235
941,8.815000000000007,9.363472222222223,224
942,8.854722222222225,9.892777777777779,218
943,75.91406070253711,103.80090196404359,2093
944,12.436944628470885,35.38589766300535,559
945,34.663699270984274,9.92836387726582,473
946,13.643906748458344,38.29461406314314,634
947,9.399166666666671,10.26680555555555,243
948,11.113848455809848,36.29393157291437,518
949,45.12755739186087,25.660931967559186,942
950,8.573333333333334,8.438055555555556,186
951,9.35652777777778,10.848333333333342,247
952,5.641343151792563,29.908228735700924,525
953,14.849040632391246,38.16344472016877,621
954,98.91540666374169,91.12879540200392,2221
955,10.008393111714224,32.365086576800785,475
956,8.776111111111117,9.180138888888889,204
957,11.488300911294605,36.38393599263598,549
958,51.386096935142305,28.96722179619093,932
959,72.92619179201884,48.65935412057502,1414
960,9.416527777777777,9.601388888888886,226
961,32.542595067758185,59.9592843252048,1085
962,33.78032441473098,9.647481873189626,477
963,45.25532495475159,64.04244707489238,1295
964,32.918809240264984,6.604227035398905,472
965,41.75006053153517,19.349244451552824,703
966,9.76791666666666,9.955972222222227,229
967,31.2354904366908,7.6158243026315855,474
968,23.058532318971437,38.937387044502806,791
969,9.232222222222228,9.289166666666667,213
970,31.704399037670292,7.744374009882359,448
971,21.505358819769732,41.12726739305956,715
972,9.4534857680257,32.574279070390496,543
973,40.4986749213898,97.2914884723543,1324
974,8.316559176190674,32.04572007435489,526
975,10.103750000000012,10.067916666666674,234
976,9.225000000000003,9.055000000000001,209
977,9.563611111111111,9.532499999999999,226
978,39.35942796400186,68.2342682325439,1247
979,32.620095861683616,9.778464236310167,491
980,9.64347222222222,9.905555555555551,226
981,9.664430897473467,33.134079418437835,494
982,36.279639273690364,11.150210240618504,543
983,41.48388887037833,68.1130190867017,1248
984,34.18237150193452,10.65577736073004,515
985,19.220117649808515,43.427847929436346,708
986,29.791257325301157,89.66964470355377,986
987,55.1497936631916,34.664727381558016,986
988,55.17216947466638,26.765054757372326,947
989,8.04180555555555,7.758750000000003,176
990,8.940972222222227,9.323888888888893,206
991,12.245110583075904,39.26663398504866,638
992,10.44361111111112,11.348888888888892,245
993,9.544722222222223,10.148333333333344,229
994,9.303749999999997,9.362083333333338,213
995,42.454935287386526,20.31749080643187,744
996,20.33467624742974,46.451391961139855,725
997,9.772362348614973,35.48998618482651,541
998,8.995277777777781,9.02680555555556,204
999,19.876629876950798,42.47552576011856,699
1000,9.470277777777772,9.12027777777778,203
1001,10.267638888888893,9.970555555555555,228
1002,10.494166666666676,9.966388888888888,256
1003,9.856666666666664,10.156388888888891,222
1004,9.789861111111119,9.286249999999988,253
1005,33.40716726743213,8.394795381654628,452
1006,9.932361111111112,9.725416666666657,239
1007,9.648749999999998,9.28680555555556,225
1008,13.042824747517143,33.14839160141738,571
1009,54.10059651194431,25.253433353674318,1028
1010,31.624066431715182,57.23437727650567,973
1011,44.57320155136408,21.138800709668033,787
1012,13.898485697201227,35.9311099022897,563
1013,10.363333333333335,9.836527777777786,227
1014,6.774449926938212,31.24905586567093,446
1015,10.207639622201508,33.47906548263492,538
1016,34.96557201384843,7.07330806718471,436
1017,46.6111607465544,20.58880407261047,855
1018,11.133194444444444,10.744027777777786,240
1019,45.57664924208603,20.736377920361384,765
1020,67.8633328729435,50.62724991361671,1454
1021,9.784027777777778,9.530277777777785,240
1022,8.324861111111113,8.411666666666667,186
1023,7.047916666666666,6.840555555555554,161
1024,8.76680555555556,8.392083333333332,208
1025,8.933611111111107,8.192916666666662,200
1026,9.615902073357553,30.606371685373624,488
1027,8.749305555555562,8.625138888888884,210
1028,8.403247198011282,30.62522111734569,490
1029,33.63523605480697,6.937501869173392,510
1030,8.921805555555554,8.654305555555556,224
1031,9.550972222222224,9.729583333333334,212
1032,9.963644320602716,34.010506113547464,494
1033,9.593055555555553,9.149999999999999,198
1034,7.361944444444443,7.143194444444446,163
1035,33.860130173672076,78.89823234654139,1146
1036,9.635555555555552,9.41333333333334,241
1037,8.609951253401936,37.438029950701186,192
1038,8.376527777777778,7.241111111111112,181
1039,8.188472222222227,6.822777777777784,170
1040,32.393344884436914,5.20576767164637,453
1041,9.117916666666664,8.9038888888889,217
1042,33.03399797108008,5.707449505997893,464
1043,9.011249999999995,6.941388888888888,190
1044,9.18,8.914722222222224,207
1045,48.87600741326557,73.48343448994761,1335
1046,10.496527777777779,9.77305555555556,250
1047,10.280277777777776,9.131249999999998,228
1048,33.16750501740405,6.0806750012090145,473
1049,7.754583333333331,5.858472222222221,166
1050,39.32923580629311,7.891243098071978,628
1051,9.048194444444443,8.27361111111111,217
1052,8.185416666666665,5.151666666666668,187
1053,6.391111111111112,7.495416666666666,161
1054,18.723211403604196,35.487444651828355,684
1055,18.36057562429015,8.50835340206792,201
1056,7.930555555555554,7.129722222222223,189
1057,34.45513284908417,6.955549245915638,508
1058,8.946510805486774,26.865652118697806,455
1059,7.374166666666666,4.747361111111111,162
1060,8.620972222222225,7.131666666666668,200
1061,8.881944444444443,8.691666666666679,199
1062,7.939540120676972,27.81603959701255,470
1063,48.85275216416975,65.47709204278853,1407
1064,10.004166666666665,9.279722222222228,232
1065,32.137307273265066,6.6886343382081,446
1066,39.00047157391726,9.625724091744281,599
1067,30.2770848926322,7.963577447237121,443
1068,8.72097222222222,8.680277777777777,192
1069,29.57630656570445,7.803167967019384,441
1070,8.45104871282177,30.512734927851156,428
1071,41.332877178902066,11.000206223731421,662
1072,8.84583333333333,9.423888888888886,203
1073,9.060694444444447,9.388472222222221,214
1074,9.840833333333336,9.08111111111111,231
1075,5.519393425427078,34.90852041235663,454
1076,8.419305555555557,9.207638888888892,192
1077,9.744583333333336,10.97111111111111,234
1078,10.253611111111113,11.613749999999998,252
1079,8.79638888888889,9.38222222222222,217
1080,10.454027777777782,8.759166666666667,247
1081,8.42180555555556,9.235833333333332,198
1082,10.022222222222226,10.828888888888885,254
1083,6.564305555555555,8.070277777777779,174
1084,30.661233048266205,54.05548440798625,936
1085,8.88513888888889,9.298472222222218,202
1086,7.7456895742906156,28.368543225164032,446
1087,17.90672196748345,44.59086649226276,713
1088,9.523888888888889,9.242083333333344,221
1089,34.40978973835297,8.197402789231125,492
1090,10.69611111111111,9.969166666666661,254
1091,11.347500000000004,11.321388888888894,254
1092,10.224583333333332,9.769027777777772,236
1093,9.118055555555559,9.301527777777778,215
1094,9.541527777777782,9.292083333333341,228
1095,11.34763888888889,11.382916666666672,251
1096,54.6826689666917,30.15596640393919,1026
1097,41.56997797571988,27.604892888196456,765
1098,11.324694633606555,35.01407711522368,529
1099,41.65540634760161,26.330330763109675,726
1100,17.926215114749514,41.8077506362181,743
1101,8.235694444444446,8.754166666666666,197
1102,91.40336284070642,28.94120288726313,956
1103,32.70774506812022,6.887370686150444,484
1104,9.913517108068763,30.679117457964452,511
1105,33.51329063649993,7.711348928708862,452
1106,10.062222222222227,10.129166666666668,227
1107,9.416878365034982,31.946066403198248,456
1108,9.595138888888888,9.454861111111114,205
1109,8.691666666666668,9.346944444444444,221
1110,10.106249999999992,9.938750000000002,217
1111,30.11191033590733,8.974161581888145,464
1112,8.67097222222222,9.457499999999998,215
1113,6.984861111111109,6.380555555555552,161
1114,8.307638888888894,9.188888888888892,196
1115,9.968736950986512,33.154106275482754,470
1116,9.092500000000005,9.996666666666673,238
1117,8.97722222222222,9.750416666666665,228
1118,41.31921006278365,23.190049774755476,851
1119,32.127457130083044,57.35023101523226,945
1120,8.79264937878771,32.90151788350506,534
1121,8.986111111111107,9.46888888888889,246
1122,8.589166666666669,9.064166666666674,212
1123,35.14294915513018,12.017205808754305,561
1124,8.923055555555562,9.250972222222215,218
1125,12.815958178672632,36.90352233473939,528
1126,42.549102769960584,23.333731874436978,688
1127,20.41000454262792,9.840004542627913,245
1128,9.91847222222222,10.150694444444449,217
1129,9.505138888888881,9.635416666666673,232
1130,10.162777777777782,9.999166666666664,252
1131,43.475324522462145,71.45016504756273,1251
1132,13.392380582267517,34.68551199740877,535
1133,9.545694444444443,9.913888888888888,235
1134,7.538333333333332,6.940277777777777,163
1135,43.269912555544416,26.810001823913275,770
1136,18.532446825793148,8.09383571468203,184
1137,9.49888888888889,9.468472222222221,241
1138,8.655833333333334,8.24027777777778,197
1139,7.122074894573846,31.697813714372955,521
1140,46.660526680235876,25.44941088796395,806
1141,48.258501641132526,25.24862448775832,881
1142,10.450972222222214,11.496111111111107,246
1143,8.677361111111107,8.335277777777781,189
1144,9.627499999999996,10.101388888888888,240
1145,43.41367012374813,26.76510417971631,779
1146,9.655694444444446,10.025833333333336,223
1147,8.970833333333339,8.042916666666665,195
1148,7.843749999999999,6.802916666666663,164
1149,9.596111111111114,9.47430555555555,219
1150,6.9037718563670865,34.09833698806978,458
1151,8.910555555555556,9.069166666666671,196
1152,7.026154757114835,32.84281028589213,454
1153,29.554903124370078,8.929528048953358,497
1154,31.119345341615624,8.075832809777973,425
1155,11.968163263053865,33.603455006705914,549
1156,30.773943614167848,9.188684371221388,425
1157,7.750138888888889,7.092916666666666,162
1158,9.274166666666673,9.376388888888899,210
1159,8.980694444444445,9.45708333333333,205
1160,9.199166666666667,9.099166666666664,199
1161,58.98995751758546,30.78955263624347,957
1162,58.59191361854257,33.52430211839403,984
1163,48.517205473897945,26.863470458431735,843
1164,14.353884682435435,38.043191654315464,609
1165,9.867777777777777,9.623611111111108,219
1166,9.803750000000004,9.770972222222227,221
1167,7.258173782998901,36.00290961766981,468
1168,59.68205033346571,37.087557153958336,1091
1169,9.033212091865215,31.490325026618876,478
1170,28.873370691384515,9.73266982276315,471
1171,14.866360466651948,38.479923252874826,654
1172,8.540000000000006,8.14986111111111,192
1173,8.30486111111111,8.174583333333334,186
1174,9.01069444444445,8.636944444444445,208
1175,9.354444444444447,10.915000000000003,249
1176,37.461212151111326,12.805865064659674,542
1177,7.570277777777776,7.362361111111112,168
1178,38.318155021695574,12.085936791378398,555
1179,8.423888888888891,8.833611111111109,189
1180,9.41416666666667,9.69611111111111,237
1181,53.041277881600706,34.69323535525318,997
1182,27.851056266032224,10.920364902719916,462
1183,6.298658061686959,27.788265698565766,431
1184,9.188888888888892,10.920555555555554,245
1185,50.272841544597966,33.5504171755305,1042
1186,9.14194444444444,9.129583333333336,209
1187,28.43827337358907,10.986263838703666,489
1188,11.069361399172951,37.06751518451566,578
1189,52.82165541777716,29.046977595732244,1066
1190,57.581153340341544,35.70433230006248,1067
1191,53.11528085626358,33.29664964537272,866
1192,20.129935935729872,9.732174974675333,231
1193,9.556388888888897,9.376527777777776,233
1194,19.52765583912111,44.24620401458301,720
1195,47.81806630658147,28.088177668187896,784
1196,8.16041666666667,8.011805555555554,186
1197,34.07104755500572,8.863595058772631,492
1198,9.427500000000014,9.64055555555556,247
1199,10.298333333333332,9.370000000000003,230
1200,65.40962685753868,37.80196875034953,1396
1201,5.705596919250597,38.497356426531375,457
1202,8.841250000000002,8.537222222222223,202
1203,10.654710736662135,62.317627564903404,574
1204,54.5331129702699,67.80036978993066,1441
1205,9.50263888888889,9.727222222222222,218
1206,16.60750623993693,37.79088749788629,652
1207,9.51125000000001,8.984444444444442,210
1208,9.199027777777774,9.433750000000007,208
1209,9.24333333333334,9.593333333333332,224
1210,12.49737334622939,37.141302382617354,589
1211,9.374305555555557,9.797500000000001,208
1212,11.078648242692688,37.03742876950998,585
1213,32.59761587538063,8.840132999611331,453
1214,8.549999999999999,9.35277777777778,197
1215,8.664305555555561,8.918888888888887,196
1216,74.35632217963017,49.023517004497855,1394
1217,9.96333333333334,9.849166666666664,251
1218,13.981616075804814,38.92545308469882,576
1219,10.649771811049177,32.30213911535815,473
1220,9.501111111111118,9.9661111111111,224
1221,9.805277777777777,9.199305555555561,230
1222,9.219722222222222,9.226944444444444,203
1223,47.13804453047028,25.76923625278557,771
1224,10.534166666666673,11.058472222222228,240
1225,161.4909898607088,186.5941654708448,3407
1226,46.717354678318515,25.47388230486483,798
1227,9.599861111111107,10.309722222222225,225
1228,21.77433996727266,45.11887899614556,722
1229,9.404028597420616,34.85678809198348,500
1230,11.451813255736418,37.24146066740951,547
1231,8.761111111111118,8.90055555555556,200
1232,81.56137416833158,58.83366556878639,1583
1233,53.09527600380822,34.06950903389779,999
1234,66.88062179507199,37.70442108312939,1170
1235,97.9354951516494,33.23419675216526,451
1236,50.0657839161774,32.27410799194248,950
1237,33.4981098505947,8.030892203431717,452
1238,60.08015817756084,37.56098863304406,1137
1239,8.827916666666669,8.986944444444445,199
1240,10.774165716611149,33.1805924356034,460
1241,10.142526836193522,20.843915725082415,250
1242,41.29174730763621,21.748178009364786,777
1243,9.514305555555564,9.963750000000001,235
1244,31.601112992193592,59.56114542529173,1098
1245,9.909722222222213,10.357500000000009,235
1246,9.979583333333332,10.876111111111111,232
1247,9.440972222222216,9.425138888888892,217
1248,48.401087626555324,69.45948132875913,1196
1249,9.347470739112229,34.606800041669814,477
1250,10.003750000000002,10.266250000000007,236
1251,9.281527777777782,8.825000000000001,196
1252,10.795972222222229,10.780555555555546,252
1253,82.81065328755069,61.4394520395821,1578
1254,9.357916666666668,9.061805555555555,207
1255,27.171377028466736,45.971813073260634,846
1256,38.38424173143382,59.519544990879865,1027
1257,122.07706465799653,148.523214310204,2787
1258,9.725138888888896,10.414583333333338,219
1259,35.919453117641424,10.586989961694314,491
1260,58.37425223905091,126.12108479019288,1034
1261,150.1435939388744,144.44934623632847,2907
1262,33.56911016527665,8.200927054152118,426
1263,11.403493089992457,34.63443899344365,523
1264,9.0,7.973055555555554,195
1265,30.23567825611457,49.118734459279274,880
1266,8.423712604420363,37.05824285178128,176
1267,32.77750532420902,8.901037050600022,482
1268,60.49698825954266,31.405233160162716,1020
1269,8.793055555555556,7.917361111111111,201
1270,19.04484309468472,8.787204205795826,199
1271,9.379722222222222,8.884444444444444,206
1272,58.14056204665671,34.770348317114085,1057
1273,80.67887727506584,78.35523432265013,1487
1274,10.329305555555544,9.400000000000006,232
1275,13.81313303913765,37.686369792543154,620
1276,61.749349160021595,35.99904330015695,1081
1277,6.4972028927588354,51.534884557581975,477
1278,76.26722315196152,105.26513011182507,2078
1279,37.25920397089959,13.322360572357844,531
1280,26.322317993853115,51.7603737031083,854
1281,11.053312129781258,36.83235642870907,507
1282,51.92750498309363,75.29314845324897,1311
1283,10.83998970499391,35.84517327483963,573
1284,22.25745151150678,43.96616496018589,691
1285,9.706249999999999,10.480694444444444,239
1286,6.965002396816633,31.27098050478091,427
1287,41.322772327174846,62.833881821825855,1115
1288,10.367777777777777,9.592083333333333,244
1289,9.792499999999993,8.548055555555557,215
1290,63.733557034731916,32.088670688994156,1124
1291,38.91123875396831,9.718331258720807,602
1292,15.224346272965052,33.98615416858189,620
1293,11.958637882587213,64.30564838610339,568
1294,33.21719502155783,5.808269090868812,431
1295,39.82647440735674,11.547655539861015,623
1296,8.658055555555556,7.715833333333333,197
1297,58.897158282982595,28.79482018717144,937
1298,32.77190170105533,6.43791023356666,432
1299,42.40431189832907,20.563823964438143,781
1300,10.867499999999998,11.023194444444446,256
1301,6.954305555555551,7.297361111111112,171
1302,37.22036033146525,7.358693664798564,190
1303,21.319997116306034,41.25629456961583,761
1304,8.237915430618596,33.801248763951946,508
1305,35.64148583201454,58.93587267256889,1064
1306,19.741660307723986,44.57615385491325,791
1307,10.645694444444452,10.371666666666664,232
1308,8.735972222222221,8.411944444444439,199
1309,12.643793831355044,36.89822701542388,497
1310,5.790128993898627,30.953609034792052,438
1311,71.34330561069865,51.59366224561684,1550
1312,22.186862293440935,39.70687138338647,713
1313,86.83154159991153,56.708913765631806,1573
1314,30.720993678898875,6.347588750516202,450
1315,10.362361111111115,10.275972222222219,236
1316,32.93865473233578,6.975488785335438,433
1317,29.516149660978535,45.78548564003484,868
1318,83.41951127287139,53.85627458114195,1588
1319,34.4626984268143,7.682114458005673,443
1320,31.038716855105896,38.046343171337725,834
1321,78.23683042667088,80.57930032932813,1677
1322,9.245555555555558,8.526944444444444,200
1323,35.72401266983015,10.496155395197643,518
1324,11.744999999999997,10.875277777777782,256
1325,30.698592154342528,8.627474644467476,461
1326,7.885000384316695,37.29220901435283,170
1327,47.37815171164641,65.14234419463165,1284
1328,89.43697064630433,60.41057662655999,1833
1329,33.940468586876364,61.99755572822996,1048
1330,9.124166666666671,8.119583333333331,198
1331,47.208743028442655,69.37916542413775,1218
1332,46.927018962493776,71.91750119827745,1329
1333,19.641934073435664,47.279951055391635,777
1334,10.92036710937961,20.572589331601836,253
1335,36.3674010240138,10.434220492764997,579
1336,62.48249616839119,34.325272350391955,990
1337,45.9457259680003,26.393190391693796,724
1338,8.71152777777778,8.954444444444448,199
1339,112.01322485613578,87.92288139779,2279
1340,75.39672492930026,85.18020186043057,1787
1341,24.135209265714792,46.476036240216146,814
1342,64.73126356458259,83.15826499708345,1577
1343,13.821777561604486,35.9609310922437,585
1344,76.3424659776557,54.58736522596331,1423
1345,61.66847518357615,37.980773439257234,1088
1346,10.284444444444452,9.130000000000004,222
1347,19.787447813942002,8.9088367028309,217
1348,10.532916666666667,10.433888888888895,230
1349,75.39753537990201,51.07672545119186,1381
1350,10.257638888888886,11.066249999999998,249
1351,44.48013934845479,25.84876982892241,739
1352,21.26211395911738,10.07336395911739,252
1353,49.34415028986457,29.807761521570143,901
1354,10.810564905743634,36.637545818063245,512
1355,73.98277532548919,94.71780575130211,1824
1356,40.61582136458085,21.532082818807407,692
1357,73.06297555567726,74.38952955206557,1353
1358,83.34722019053,69.25706113437974,1726
1359,10.839583333333334,9.897916666666669,237
1360,26.401209213887157,49.71607127830706,779
1361,21.853374451227527,42.94468150507545,740
1362,9.34916666666667,8.64097222222222,209
1363,163.8762367086259,161.5704857237162,3466
1364,10.038055555555557,8.914861111111115,218
1365,73.79010898355608,49.64735428088895,1432
1366,60.24366619411863,77.75287406305668,1592
1367,10.295399127570048,36.93811858320592,522
1368,51.4559634580673,66.50748135682902,1210
1369,62.3050347731435,28.32003477340305,1073
1370,8.95388888888889,7.790416666666662,197
1371,9.84083333333334,8.620972222222216,213
1372,42.87279440858181,17.450023044830445,716
1373,43.75042200469717,17.068718634473377,710
1374,8.54934297970709,29.18070278004737,466
1375,8.589602576433716,37.547106867200625,185
1376,7.823750000000006,6.959444444444447,167
1377,9.775694444444447,8.964722222222226,216
1378,33.76806172667564,9.184399015985136,487
1379,9.917777777777777,8.996388888888893,209
1380,76.97636753185998,52.11675581635238,1399
1381,47.38638393559858,22.154823123189736,787
1382,54.89359459206438,65.50889519075349,1274
1383,47.231254509613535,21.797538526689088,756
1384,43.896657878839655,19.90497386007616,695
1385,107.84373699536698,77.19007579923272,2000
1386,107.34688775088425,82.15593342894864,2000
1387,9.673750000000007,9.952361111111115,221
1388,75.94247265530082,52.33620283821891,1348
1389,9.148749999999998,8.700833333333332,197
1390,102.29642646402164,113.9071394095422,2436
1391,10.167777777777768,10.071111111111106,220
1392,36.42767586135179,57.8577224802977,1004
1393,41.905672895273355,18.068412540458066,705
1394,10.03638888888889,9.084027777777775,222
1395,35.16535002776156,8.428696613912047,517
1396,19.021516508319618,8.907960271703852,197
1397,20.73533555292782,10.956057749580623,242
1398,31.50836796931685,51.266648624545255,928
1399,39.2416447807207,32.38497811405407,491
1400,37.74408639084136,10.562391055836976,547
1401,8.934029098331797,18.796390209442915,206
1402,32.2874585061087,7.597950799713891,435
1403,9.858333333333333,9.474166666666664,227
1404,9.495833333333335,9.143750000000004,210
1405,38.22345300365534,61.83009118662993,1046
1406,22.037450095352877,39.51780822991269,688
1407,42.469575528623736,18.86915720968205,772
1408,45.363676001842954,25.19221082205984,816
1409,39.29885767985699,11.984084706686552,613
1410,34.1745968632413,7.873521243121926,459
1411,10.378472222222218,10.719583333333333,237
1412,88.92024627197851,58.39846390062669,1622
1413,11.074716985458485,34.023589510704426,460
1414,38.24206182572267,11.154324382105456,557
1415,10.000234899068246,32.83945969164355,437
1416,7.847083333333329,6.933194444444445,164
1417,24.875433256816976,42.94142478150988,765
1418,8.474336791020388,31.254341830366897,476
1419,10.936908604771867,30.7560249084188,454
1420,9.841944444444447,9.322916666666663,217
1421,34.028306066273416,5.425246613015867,427
1422,40.41545412257338,9.79302777071514,587
1423,10.295694444444443,9.687777777777777,226
1424,70.50596308020076,31.020039484121654,1208
1425,37.97040317359017,55.02148097192681,1152
1426,39.790106262829795,9.51627933202428,606
1427,43.51169532434615,16.34379700801106,684
1428,32.98886389155078,5.430401273179237,448
1429,36.076904507555994,8.348534887998913,539
1430,10.484722222222219,10.305138888888887,232
1431,79.48930528784152,53.53665546370337,1602
1432,59.701029222642205,28.933122452145692,954
1433,8.592083333333333,7.392499999999999,185
1434,9.432083333333333,9.232083333333335,222
1435,68.77261884910878,47.65575883157526,1358
1436,34.47560123011037,7.758805066614929,491
1437,8.341000856498527,31.77798125989349,513
1438,9.512083333333331,7.342361111111111,208
1439,9.061805555555559,9.109861111111112,213
1440,54.794649829620305,31.232256174844856,994
1441,38.1960840243306,10.190134585432931,568
1442,7.331399739254641,31.799179043176007,454
1443,33.51281252747601,8.57633659096076,465
1444,8.312672357198702,17.14882257187066,173
1445,57.07941841759127,30.3978093923819,1049
1446,121.49667767783104,99.70442575342584,2488
1447,78.41401864576865,79.46578791868241,1704
1448,7.804861111111115,6.3352777777777805,167
1449,10.962361525691348,36.3072777794643,568
1450,47.1420644167178,31.135870699008812,949
1451,11.70030288065326,38.95905288065326,592
1452,8.11643579949431,33.61861347060449,481
1453,74.90892855432995,102.06280453191481,1978
1454,15.78002480542604,40.064734608086546,659
1455,48.194440035215436,28.42709883472332,769
1456,14.598880155273095,38.50921661582629,594
1457,9.098333333333327,8.970416666666665,200
1458,24.882924372100344,45.300621334065724,799
1459,9.060153959177637,32.50759908248885,508
1460,10.127916666666664,11.39861111111111,240
1461,107.4338883083451,84.01172428842992,2102
1462,10.20347222222223,10.261666666666665,241
1463,11.240416666666667,11.398472222222225,251
1464,10.050833333333326,10.03597222222222,235
1465,33.86362063517869,9.24841986914555,497
1466,9.42166666666667,10.237777777777776,216
1467,36.66152776604055,12.787545923864462,573
1468,35.19247009845287,11.265375730154584,486
1469,31.814372155384625,7.694231944287109,444
1470,58.15218599893417,35.937611444172354,1002
1471,11.552405364374046,36.35094804580502,560
1472,61.93095413108803,40.97024117355587,1056
1473,51.704260448552006,22.487472868123646,698
1474,14.160143985125309,40.87826596049035,637
1475,7.608925417441306,30.82213324596276,468
1476,43.144631342695504,18.43526829704119,713
1477,10.001944444444447,10.189027777777778,225
1478,30.141733966077517,50.5344674225722,895
1479,11.302944145703682,38.64787056634241,566
1480,40.0305537453901,70.66867450600698,1207
1481,144.7721007397587,131.1165472174397,2938
1482,32.08956154359137,9.418899232001705,436
1483,9.756250000000007,10.169861111111116,216
1484,32.278667964498,9.82903086321009,457
1485,44.70862106034939,25.530681105567954,773
1486,36.055616919756,59.812930861948644,1054
1487,25.307664956399506,46.824775621003795,781
1488,19.83797027021478,10.205517816107255,219
1489,9.796805555555558,10.328055555555549,235
1490,10.564027777777778,10.479861111111115,242
1491,10.216944444444449,9.785000000000004,238
1492,75.63274685836072,59.559167436076,1519
1493,8.925138888888887,9.19833333333334,194
1494,9.833611111111104,9.135972222222222,212
1495,10.155416666666664,10.960694444444439,234
1496,73.74810372257211,100.64985857678573,1954
1497,10.85513888888889,10.319444444444443,237
1498,40.307879579597554,14.638804475443948,634
1499,11.48902052618893,37.730820244913495,536
1500,108.66298134560634,79.76972311389453,1885
1501,100.18270373067463,121.68343542101431,2284
1502,18.80533958937951,35.673186468039134,462
1503,12.034192313854266,35.08639225675294,488
1504,31.8222666859196,9.137499232715538,469
1505,9.575138888888883,9.61097222222222,216
1506,77.55266624984635,8.376694027624064,187
1507,9.937638888888891,10.489027777777775,240
1508,22.94131436625011,45.590686101918585,737
1509,20.134085814877025,9.760058037099249,225
1510,10.602916666666665,10.709861111111115,231
1511,9.67986111111112,10.012083333333333,220
1512,166.79494382960218,26.653416051824443,464
1513,32.81539010543886,8.89317460026013,472
1514,35.745418500066705,10.467385867430632,541
1515,33.30335635989451,9.84914528948907,493
1516,10.307500000000003,10.203611111111107,233
1517,204.380443210513,72.57273226364589,1643
1518,67.35212716699151,40.54190142526646,1279
1519,9.460972222222217,9.21875000000001,215
1520,29.93440401254102,8.048292901429907,439
1521,36.861117405378586,13.222431432653043,560
1522,9.90513888888889,9.722222222222225,237
1523,34.27158509695044,6.805839201313699,442
1524,33.09106348541066,8.228510645286226,486
1525,35.63797951823988,10.375193095310888,543
1526,34.48483781362557,10.727331724076063,480
1527,58.17948676233422,31.995042250359013,1116
1528,9.259861111111112,9.072500000000007,208
1529,9.539444444444449,9.276805555555558,211
1530,10.789166666666656,10.162500000000001,250
1531,34.4360417680757,9.775974378674174,500
1532,38.533848636957444,11.077853698209049,581
1533,10.087777777777779,9.346944444444448,231
1534,10.205277777777779,9.783194444444455,234
1535,18.716506389204884,8.513865406873975,191
1536,10.382638888888886,9.98444444444445,255
1537,35.90783021208159,61.51794859023175,1057
1538,32.27261597285251,7.592185443347258,459
1539,10.842777777777775,10.930416666666668,245
1540,9.223055555555561,9.007083333333334,206
1541,10.365833333333338,10.085833333333326,232
1542,30.9309214179796,7.471474830231138,436
1543,8.994444444444442,7.845555555555557,199
1544,35.47390677696546,49.12943245929575,1090
1545,26.25625716495548,44.44749369618904,752
1546,33.779346399571054,8.09976988476369,450
1547,37.25103265039088,9.735998793475828,555
1548,196.14472562534473,153.05653761015705,3583
1549,50.136920973808756,29.56318465685572,900
1550,50.79185320558334,25.9436047451235,890
1551,31.13545631719662,50.37595435389094,918
1552,38.83731306014807,12.196878411096348,573
1553,129.2992542643513,122.05776092084744,2530
1554,39.6327213663757,20.17466231990146,690
1555,25.756048578820348,46.48298420615609,702
1556,9.363888888888889,9.514027777777775,228
1557,84.47741136918879,56.8341833832412,1527
1558,193.6589545283494,208.22639353894712,4233
1559,78.94143907701933,102.60326862589606,1843
1560,10.128611111111114,9.92958333333334,223
1561,11.120972222222228,11.58583333333333,256
1562,9.556111111111111,9.020555555555555,212
1563,62.210230220420875,35.30301651746321,973
1564,9.478333333333335,9.32027777777778,206
1565,61.921877261322294,32.039537726229824,974
1566,86.7623999275258,63.80187185058481,1508
1567,9.590315150078348,19.96892626118946,222
1568,72.7333018896609,46.35213003172595,1262
1569,114.56701013624183,83.46335622198993,2191
1570,177.44618314327832,117.71834550441424,2010
1571,100.23333681523653,74.22969342521456,1829
1572,11.19777777777778,10.643472222222224,243
1573,33.310384480557566,9.924858413226652,469
1574,59.7187705700684,83.01526665329251,1616
1575,97.78061599311808,113.39141061288811,2271
1576,37.40290877412019,66.74629591307873,1053
1577,9.947361111111114,9.804305555555558,226
1578,31.81798118977465,7.694622906412722,428
1579,9.475277777777782,9.052777777777775,210
1580,80.21826842030434,93.99260599756067,2042
1581,49.260461933289974,27.931264331277845,870
1582,8.258912085622711,18.596828752289376,194
1583,9.335606454950291,30.66424827590899,483
1584,34.38302523540379,11.18435633386682,490
1585,10.747638888888902,10.34277777777777,241
1586,121.91998516959762,143.64569059262163,2928
1587,8.313750000000004,8.788194444444443,188
1588,32.690309326546654,50.83458468332961,1035
1589,46.866979052958776,22.0028587529768,774
1590,50.42389202886489,73.33414218333417,1278
1591,9.749861111111123,9.83791666666667,233
1592,57.819453118813826,31.202550998157975,948
1593,73.32079988859886,49.76545522234604,1301
1594,8.727361111111108,8.990416666666672,211
1595,9.570555555555567,10.020555555555557,224
1596,113.38162838084736,96.78604010653252,2130
1597,8.311944444444446,9.377499999999996,211
1598,37.42341356351571,12.394507771965403,552
1599,51.849547582652505,74.55662458561255,1385
1600,48.44089906071377,28.22317427071488,856
1601,119.30120021397227,98.18295127368263,2101
1602,9.496040639440283,34.78345413084757,478
1603,71.76682904954576,50.5485070146308,1315
1604,10.177916666666665,10.568333333333337,239
1605,41.54495172001071,15.899315136797584,663
1606,35.17364245494963,13.09364505732763,524
1607,37.737257495757525,60.924606853176144,1118
1608,10.517077812970216,33.93484833407731,548
1609,28.43993695676199,48.716878358224136,877
1610,44.182157661309475,23.810524053072495,750
1611,9.113055555555556,8.676527777777777,197
1612,7.0280382698298265,32.697080091882945,429
1613,10.023175199113915,34.95016466259058,536
1614,65.8794679563458,93.80629135014523,1699
1615,45.919026545696624,27.631294534031603,744
1616,13.66130111950765,39.06796157766707,570
1617,9.635926490608286,33.089589219976496,443
1618,114.30946575227637,113.80309356277746,2174
1619,50.05303891785351,70.77374236099391,1276
1620,52.122879819275894,31.563910994143257,942
1621,35.30403815802386,9.3838962429577,465
1622,131.63871636235032,143.8751236542662,2763
1623,35.09203723381423,53.485491804520215,1031
1624,100.31624721790345,64.0979269138972,1648
1625,12.51699088637579,35.686924217714406,551
1626,7.709038987830558,33.86901900664138,491
1627,32.73611588619592,5.989176046780409,460
1628,36.75165085254433,11.622199213297481,499
1629,26.769225601454856,45.81961750463532,854
1630,9.414112742841573,32.27574976995175,469
1631,10.201666666666659,9.410416666666666,216
1632,44.287030294951535,50.458834842548114,925
1633,10.67597222222223,11.194027777777784,253
1634,46.19169223753754,26.150314023655298,735
1635,123.56435638584176,106.36744258817778,2583
1636,30.602808397309026,49.017337939787154,916
1637,49.64906234358422,70.33068379557984,1266
1638,48.404471082401194,26.55526663478367,740
1639,56.56392004433236,31.29751875075145,971
1640,38.87282693417634,13.413352024329846,537
1641,34.27201967192588,9.873328849677732,509
1642,34.72934983846322,56.832588556266174,1014
1643,24.681226640059805,45.995579930067265,731
1644,75.89968455595636,52.17998080856321,1429
1645,36.60283872474988,58.08548844682615,1046
1646,10.16416666666667,11.073750000000002,248
1647,37.70752461990119,64.95868107782547,1150
1648,9.119393508442608,32.306152011251136,458
1649,189.41253549167328,39.96301166272323,843
1650,58.52264706357292,37.338981746566375,1051
1651,8.394134125744444,31.828915579675677,487
1652,165.81544030320651,141.5919281939281,3353
1653,35.464324659423056,21.14300624949988,490
1654,8.653832823001968,18.514666156335302,194
1655,33.456674973481526,56.61802284366643,1077
1656,23.299936741896392,45.64679641168756,765
1657,33.977679900744874,60.52708294116883,1054
1658,68.02001749407076,89.81547177555956,1788
1659,24.441382645122662,44.99259004873141,801
1660,9.540833333333339,9.162916666666655,214
1661,26.86357342966975,47.67311946127917,824
1662,10.444027777777782,9.705277777777777,233
1663,10.124444444444435,10.34083333333334,236
1664,88.58261520059985,116.95431299575657,2040
1665,54.9675285662229,38.77701813945733,1041
1666,41.31013160872011,13.605873978825278,650
1667,43.98262529967421,25.740353666316366,718
1668,105.60468813975592,87.6122371204389,2161
1669,40.983693013205084,16.59656324630489,648
1670,54.17816025765974,76.36297819618242,1489
1671,148.42059681058282,132.54964524009458,3151
1672,10.087777777777784,10.266944444444452,225
1673,10.026666666666666,10.671805555555556,236
1674,183.3961963348863,159.07788441110313,3686
1675,9.395768584509614,34.15239672033196,484
1676,10.390555555555549,10.964027777777781,238
1677,67.24409712515242,46.68449223259742,1320
1678,26.259614370122883,48.230732531526925,830
1679,95.7806199759361,102.92389993337027,1899
1680,10.321666666666664,10.889444444444441,233
1681,83.34409830585663,112.81596654060785,2099
1682,55.99844970034795,40.04484425374039,1043
1683,10.842222222222215,10.129444444444434,244
1684,190.3769952853334,69.82643452177943,1750
1685,8.829702657733076,31.736015831273036,481
1686,58.49481951825981,80.97767702678478,1419
1687,58.750837319998915,39.579486256278884,1035
1688,184.7765604556486,162.65855762726562,3708
1689,40.1216667291633,64.66663779746577,1114
1690,8.257916666666667,9.258888888888889,202
1691,118.10013717123643,142.86475198893027,2630
1692,15.547649557386249,40.366236300069446,620
1693,120.7515948118986,144.78184723641198,2769
1694,152.67429880776118,132.79096713762925,2908
1695,221.97529850855307,180.80916614824707,3879
1696,247.95326672882305,32.11928926842289,1022
1697,51.05774461709168,30.72983433502489,902
1698,12.534071638816492,36.47490424385498,575
1699,56.449188895479395,77.85292637751928,1483
1700,20.421855438969338,33.85694970067088,517
1701,8.470083131017292,35.31559844073806,458
1702,100.98733390178076,93.46713589336926,1799
1703,33.30993949358253,62.12152475826177,991
1704,8.801388888888885,8.565972222222227,194
1705,78.89213870544616,49.48065988194277,1417
1706,44.24301993839734,22.548637279393425,750
1707,62.25133261380181,87.10608166387807,1667
1708,32.87326555035738,58.38701279108087,1049
1709,35.651172274645994,56.396479023739275,987
1710,8.902916666666673,8.994722222222226,207
1711,74.37438878992704,52.86705989194958,1218
1712,7.420555555555552,7.166111111111115,174
1713,10.81722222222223,10.452916666666663,247
1714,33.2460695655076,10.321807174186892,481
1715,256.7499092306914,108.56695447675189,2313
1716,10.21694444444444,11.132916666666667,253
1717,9.164027777777772,9.74958333333333,218
1718,72.18796465100007,90.23813736384545,1740
1719,33.042435404346136,9.49276501388615,487
1720,233.91008622188767,155.70910798272206,3788
1721,93.03321227828019,78.43699118601438,1949
1722,79.49254381621952,60.38434810689788,1531
1723,38.261045317332155,14.937885916805522,586
1724,50.014802341430034,72.59439536252388,957
1725,9.73930555555556,10.428194444444443,244
1726,10.617638888888896,10.759861111111114,227
1727,57.00957027595143,39.82858458783559,1080
1728,117.33305582742108,50.502823287999504,1258
1729,48.47129340062959,28.64957477665344,913
1730,9.993749999999997,10.61416666666666,226
1731,34.81431948947227,55.10598964847182,1073
1732,9.699305555555563,9.65833333333333,225
1733,25.404570404536692,48.49804951680639,862
1734,16.305530273074424,40.01985263188274,650
1735,76.78542502697022,50.82053827594298,1453
1736,7.91301151026453,33.37764440568723,507
1737,6.061928703569221,33.4382093449933,428
1738,10.350972222222222,9.384861111111116,228
1739,46.332239896041976,28.437039063566907,893
1740,44.283983764307735,25.078159825598988,815
1741,20.732906593558983,44.893025864710616,713
1742,11.097222222222236,10.957638888888887,253
1743,35.76403271734266,60.01284225695639,1030
1744,51.14390016895541,74.08162173943998,1365
1745,9.850277777777787,10.771944444444445,242
1746,7.695555555555562,7.189722222222223,164
1747,45.563252336847164,74.00993361983774,1404
1748,51.752689399143065,78.56137996598196,1379
1749,33.98445179112063,60.282334580681855,1007
1750,9.087092463277685,32.81185482219904,437
1751,118.28908523823972,94.70786430207303,2219
1752,33.327646743140605,9.002532945590918,464
1753,74.2299480409306,58.81990326990446,1427
1754,107.97137019115343,140.39562441590297,2775
1755,125.75705355295696,103.00921097243597,2463
1756,170.74355380327918,149.51502030338526,3482
1757,67.2339157052678,95.14248002016149,1829
1758,81.00595144805334,65.55621034957204,1603
1759,188.77086512325647,212.00585904326218,4247
1760,9.559501087493226,19.74866775415989,217
1761,160.3811491110731,151.52139515982302,3392
1762,95.11903087963168,71.16116105539031,1700
1763,162.46418126331176,112.12974574290436,2640
1764,9.486111111111118,9.934722222222234,216
1765,82.62176243556046,69.41206243437416,1697
1766,14.924269738036253,39.72975244711338,624
1767,109.63325988974043,68.10473044898426,1258
1768,74.73485765937018,59.02392012157827,1530
1769,103.1293796640396,129.53797876000547,2638
1770,9.00139515870258,45.715062893822,555
1771,10.846388888888892,11.303888888888899,249
1772,88.07886358596858,64.67295561625468,1749
1773,12.497412288435664,39.17564267414561,585
1774,82.25092141515353,66.66343784223157,1746
1775,9.563611111111117,9.816666666666665,219
1776,12.36197484965929,36.77155553187474,512
1777,20.261738867420245,42.370617124665586,695
1778,85.2423273670953,65.01749076475815,1493
1779,79.32248573744288,103.6252448350036,2093
1780,29.205516034785457,53.59493043005062,966
1781,94.04563237346272,71.33202440747922,1746
1782,47.64883949935991,29.12385820753142,905
1783,9.380694444444453,9.764027777777782,218
1784,10.020022494835452,35.45318529895421,537
1785,81.09017770553757,111.7299891661851,2253
1786,9.577916666666672,9.727638888888896,214
1787,38.058255317022606,65.34288346813238,1159
1788,86.22526861181132,97.37974318146337,1861
1789,75.66239067417546,57.65420095779393,1561
1790,66.6424376458944,95.39558112051145,1785
1791,75.87191820834424,100.5222648055893,1911
1792,49.33853449838968,71.95047295741603,1367
1793,8.566527777777779,9.987777777777783,211
1794,153.7606610861599,139.8167060527573,3433
1795,39.060069347976,13.983090233521201,622
1796,29.41376581073716,49.511717693273624,914
1797,9.208888888888886,9.929444444444442,215
1798,6.663194444444443,6.5827777777777845,165
1799,39.32444722589484,61.44826512468517,1059
1800,8.549722222222218,8.618055555555555,187
1801,36.766304293020696,57.78357043456453,1066
1802,100.24408858495246,77.0569323222397,1512
1803,16.96073118344048,7.883344092167516,177
1804,39.788667834484045,34.558149883053076,529
1805,10.088601696811129,34.50826123405801,455
1806,10.197916666666668,11.13069444444445,253
1807,70.00854435924617,99.02712475416158,1934
1808,5.374393336940745,34.619893280879836,437
1809,9.632278008250823,36.70754080928457,546
1810,38.680472799436934,69.02064398942784,1217
1811,5.600763503966833,31.442291281744616,448
1812,5.921527777777785,7.815833333333332,166
1813,10.17055555555556,9.660555555555558,231
1814,7.350555555555563,9.084305555555556,198
1815,51.527844376672405,40.171969537813816,627
1816,35.52328443346175,14.009295151767972,615
1817,21.599307122105696,44.8728470436336,829
1818,6.192083333333337,7.7030555555555535,182
1819,32.046698150888936,38.73236497561153,638
1820,3.8855943386973504,35.18401669874923,463
1821,35.56973984871487,24.075841413539678,755
1822,9.603749999999996,10.069999999999993,230
1823,1.8443794770115485,33.831423182877515,442
1824,8.867361111111107,8.828055555555558,199
1825,5.246805555555556,7.524305555555558,173
1826,33.145534451108794,47.641002284814654,856
1827,73.14919313943628,34.97017860564759,1192
1828,9.357222222222223,10.787500000000007,239
1829,8.508055555555556,8.247499999999999,188
1830,9.431527777777772,8.82916666666666,210
1831,49.11994154170566,31.649589675967086,1050
1832,7.563194444444435,6.615416666666665,210
1833,9.801527777777775,9.43569444444444,227
1834,9.158712588696417,20.242740366474195,229
1835,14.954543294222592,44.13855473496175,692
1836,23.50795573569727,49.83197383440671,883
1837,8.547222790489977,33.165259808664715,520
1838,11.28050101377416,34.552167166720096,539
1839,97.61569746383698,69.76775482345882,1782
1840,68.3920518655197,47.606470383315774,1340
1841,35.36034064229768,12.477291836708632,573
1842,6.229861111111113,5.1045833333333315,160
1843,33.315768272080675,10.491234474584065,516
1844,44.6005812442263,74.5268723387769,1447
1845,43.25290224463878,69.75206995039025,1386
1846,59.64829054364803,50.351626059466916,1192
1847,157.08621076081357,185.02663421513213,3726
1848,10.707538980266511,35.61046568677007,575
1849,18.57817003484167,43.368542118075055,799
1850,37.48719520210483,69.74405397158209,1265
1851,7.618003598135045,32.74992314631791,509
1852,135.12104406073863,123.71832600289493,3179
1853,9.935277777777785,11.296527777777781,245
1854,109.87782511074924,94.42849511174447,2069
1855,55.81781684820093,83.09814545615544,1529
1856,82.19670763573772,120.01408647506207,2540
1857,40.6913021732583,69.9246053976058,1470
1858,10.058833984483087,36.69483965720276,614
1859,33.54964075352531,12.170561568031077,511
1860,129.78720609026524,121.09784832221087,2998
1861,23.537597746162042,52.76585246503789,948
1862,9.952777777777778,9.792638888888893,235
1863,7.380555555555557,8.748055555555547,205
1864,27.741027617559695,9.586656709008293,207
1865,5.931666666666666,7.442638888888885,167
1866,6.122638888888889,8.215416666666666,175
1867,32.89861398863282,9.754042984060545,511
1868,35.78084146857519,10.177214086980376,543
1869,37.65051764659147,10.018275762763807,540
1870,32.840170757775724,6.402119309815538,485
1871,31.26470920862174,7.245373424695412,480
1872,11.194583333333338,9.18138888888888,256
1873,35.69012485225768,9.253378899886547,490
1874,31.89202526002483,5.169180294820496,465
1875,8.44861111111111,9.074444444444444,213
1876,30.025212405084027,5.490827719741819,462
1877,9.280694444444444,7.0191666666666634,205
1878,9.099967844130008,28.960029237883955,474
1879,6.923749999999998,8.485972222222227,181
1880,61.151269557394556,4.139840486893174,444
1881,10.436249999999998,10.071805555555558,236
1882,10.635555555555552,9.953333333333333,244
1883,63.41429313253905,36.52967047159571,1021
1884,32.73695542898879,7.846305570433614,481
1885,34.56703586257211,10.102032269475904,464
1886,27.598175876910105,43.920501287606754,826
1887,92.05187288552531,60.34755754124434,1850
1888,34.651675974090935,40.96765645244319,677
1889,32.53273639143924,6.403861889021005,469
1890,30.773839937549972,77.56062989166236,984
1891,11.01291666666666,10.219444444444454,255
1892,27.33810975766638,28.89993260512843,426
1893,42.88651687789144,16.651166542846177,660
1894,35.83589952693768,10.88971998774479,480
1895,34.311357129730034,9.263832043419493,442
1896,35.71790363203023,8.179237201363032,523
1897,28.410507288791546,5.454339349767325,445
1898,10.25027241518908,37.861255362588714,572
1899,8.882261601428327,37.7390708162457,522
1900,44.41236007597424,56.78940270238767,1224
1901,9.339366862009477,25.93751095504131,461
1902,9.791979493564352,28.670252437659112,506
1903,9.210833333333337,9.629861111111117,220
1904,66.89192756186348,36.160559565014154,1356
1905,9.185416666666669,8.312222222222221,212
1906,9.461527777777775,8.848333333333331,220
1907,10.180555555555555,10.14444444444444,245
1908,9.087777777777776,9.278055555555554,203
1909,34.698054394086945,9.869441191553772,489
1910,75.70757054531273,45.18481809789513,1329
1911,8.692222222222226,7.983749999999998,195
1912,68.07326290672323,28.471040334348313,974
1913,83.08881884542888,61.589050600661665,1562
1914,49.35416334843835,29.482623433501175,507
1915,9.71791666666667,10.700833333333332,254
1916,9.699708119199247,27.679941820109583,478
1917,54.66378167647896,67.63501858250663,1681
1918,8.096944444444448,7.110138888888885,172
1919,43.57532318946396,50.6507065064644,1210
1920,8.603894143962737,33.852633633815046,485
1921,26.67918349511274,48.116825295566144,903
1922,81.18591345872042,49.44290206524825,1472
1923,10.536666666666664,6.4591666666666665,228
1924,34.95782688526424,10.648857329359759,463
1925,31.466118001154364,48.209805958493725,953
1926,47.71228145533895,20.781139574842513,855
1927,40.87390327420749,22.33347431876048,683
1928,6.885555555555551,7.7120833333333385,161
1929,38.55404890425581,13.793631893659965,590
1930,8.7227979003805,26.513509630854834,462
1931,7.0879166666666675,6.295138888888886,164
1932,121.44634575607236,83.70291056677203,2194
1933,47.619340545154046,20.143819345300024,876
1934,33.39421315844962,11.121848128423029,516
1935,10.409999999999993,10.32347222222222,245
1936,42.36966610070042,28.156520815132318,728
1937,36.87404777675652,11.470201370002288,507
1938,64.99973784541115,41.38434011784405,1053
1939,10.677777777777777,10.83833333333333,243
1940,10.720694444444453,10.867638888888886,253
1941,10.525972222222222,10.873333333333335,230
1942,56.00812366678572,73.27766396137321,1275
1943,140.87539949319319,107.10681439297147,2561
1944,38.489087807693195,13.279336371458177,599
1945,77.7310887560518,47.98159920150581,1459
1946,116.13755281577589,81.52982311531547,1635
1947,75.17601968112544,50.81287533232162,1349
1948,48.73048116578441,23.195682790671327,785
1949,33.01640440766798,11.984517785869643,491
1950,100.91709350640583,119.9898014991548,2422
1951,35.618170455729846,60.27951903259566,1148
1952,60.07565796223662,93.74996205516355,1617
1953,13.59419459623338,38.205900088574325,608
1954,75.76677004406463,49.815751550189184,1458
1955,12.410081501054288,32.5440236784788,503
1956,275.25340631102716,301.65806588800336,6168
1957,7.420972222222223,7.981249999999996,177
1958,46.05601943896409,26.316939234347064,857
1959,146.7978239209573,180.52544710899005,3487
1960,98.18349299678165,96.53896329060875,1733
1961,9.33819444444444,9.448472222222222,207
1962,40.67649503335361,62.598008620049946,1181
1963,10.58,11.007500000000004,243
1964,199.7048910934077,239.4735239661187,4623
1965,17.494397112067553,35.06487579384366,449
1966,9.615138888888893,10.31805555555555,242
1967,62.83764281677203,97.96106254858427,1745
1968,47.453160042470884,69.49009045328445,1277
1969,7.031190505663771,35.77190323119753,447
1970,36.86804142647037,66.28786719932195,1151
1971,89.41518171814789,68.86805288767974,1701
1972,152.61398470611726,138.46766812320013,3295
1973,77.57343147954361,49.93406098993006,882
1974,10.436527777777785,10.470277777777781,237
1975,91.56222318193089,118.19556307461824,2267
1976,40.42140027425366,15.211781390373163,664
1977,64.58330806537096,43.08410869147176,1101
1978,140.76223018540128,176.4936579574692,3382
1979,166.15006524675363,158.74539020750703,3373
1980,11.371795466379384,34.278791682358815,495
1981,72.4510438617506,98.30391231774965,1842
1982,23.213566836845033,46.41836937914435,822
1983,20.905158920836588,10.546408920836592,247
1984,25.19367691402669,46.04939812771639,798
1985,50.330022892779624,32.87731704926869,944
1986,40.56956895217336,15.533350745855063,584
1987,6.902777777777781,7.76777777777778,165
1988,128.7891210174324,96.1400279616542,2250
1989,35.220357611719564,11.840027860605472,465
1990,51.77366629761083,75.64852182771376,1299
1991,10.237222222222218,10.454861111111116,232
1992,129.0699279490923,151.8703410209612,2912
1993,34.22870195155318,61.03427921166005,968
1994,47.3287520234066,26.304436878427737,807
1995,277.3442469038614,210.4568406738024,4716
1996,41.64131050660855,16.127798310110197,599
1997,120.83301811200951,136.1213600233433,2986
1998,93.00555577830613,112.80138621443542,2148
1999,89.55750086105218,112.3881727772432,1972
2000,51.33760242379704,68.89952099301752,1203
2001,125.1389783337502,106.95151969806537,2068
2002,49.17400340325314,69.17495656369523,1257
2003,97.62930614324077,117.14829248743655,2457
2004,164.54093699134216,186.41881010977644,3633
2005,92.74194633009296,121.07648132490563,2179
2006,72.60029067879293,51.06592993163366,1275
2007,123.17745205427666,100.7643152883556,2325
2008,84.63836184601955,108.4376902138051,2030
2009,20.690346062317076,11.365346062317078,242
2010,84.8101171421776,113.5267564241712,1976
2011,40.157802654219665,14.923869674067477,600
2012,194.39039767591436,37.69913224268579,1098
2013,39.16567425926615,13.405799305598338,596
2014,81.60041208276533,53.23573502105023,1461
2015,125.15322287101282,104.85995865576658,2439
2016,79.9775378749223,105.02266085597546,2037
2017,102.01509384417866,126.71423734397872,2564
2018,10.500277777777784,10.941666666666668,228
2019,10.353750000000003,10.888888888888891,234
2020,87.62446563628356,72.01418233340185,1824
2021,91.60839781541912,68.49211017889003,1814
2022,57.55126768765973,80.81818780963154,1438
2023,69.02069369604482,98.31778304013841,1998
2024,48.102348403977295,29.673477682862085,888
2025,9.306527777777777,9.585555555555551,210
2026,127.27517918707332,160.28744391999626,3131
2027,12.958734354309364,37.2440203591485,574
2028,9.108358910062703,32.09636425323529,448
2029,25.928326140645744,47.831798548047864,827
2030,88.24646761434954,57.457731226613866,1094
2031,66.96474659489398,46.568909808463204,1259
2032,65.54910027494313,89.25039166754684,1741
2033,7.958474988190507,18.614231446739456,198
2034,70.77795289801463,55.311835001634904,1437
2035,94.04811701277839,77.5654448103957,1816
2036,19.82196630657376,9.36738297324042,232
2037,8.313055555555561,8.857083333333337,194
2038,53.44724806058467,34.13575640097423,983
2039,45.5598841677441,72.27725845400253,1349
2040,37.36701725164439,13.898231143344109,552
2041,94.22763990631327,118.72049225417834,2298
2042,86.89936820173199,100.37265734414298,1892
2043,36.93661132923141,61.86050342632191,1023
2044,10.45680555555555,9.908888888888885,231
2045,48.432171531227006,73.83576514211498,1392
2046,12.300649077563076,36.569563710181654,557
2047,37.60959262499811,57.67675410736589,1052
2048,69.58737117663034,51.56374371523697,1298
2049,38.418881569609844,62.625533437885416,1153
2050,62.00155884822273,39.75619947879415,1070
2051,42.942297043458524,68.15634269665995,1189
2052,52.1876762506504,34.95321629623791,977
2053,54.41265619270864,76.15934038284978,1563
2054,60.28778815589358,33.523921300112306,984
2055,10.655579506764443,33.93026102672992,507
2056,52.18969456534158,73.21047762723154,1368
2057,86.9039430298349,106.42979981449601,2005
2058,56.50705050802,75.98745369947618,1402
2059,98.7078953253814,77.41060971220968,1915
2060,36.456555005113074,56.63195406310681,1013
2061,45.93175331457372,25.217721336753158,810
2062,56.67020408791517,91.43047565138033,1471
2063,12.473300973735963,36.15272123141237,564
2064,14.719795105520404,39.380089604528855,609
2065,25.79955529696762,44.76882634246668,742
2066,64.8911540350406,42.09710921402424,1107
